SlNo,State_Code,State,District_Key,District,Confirmed,Active,Recovered,Deceased,Migrated_Other,Delta_Confirmed,Delta_Active,Delta_Recovered,Delta_Deceased,District_Notes,Last_Updated
0,UN,State Unassigned,UN_Unassigned,Unassigned,0,0,0,0,0,0,0,0,0,,
1,AN,Andaman and Nicobar Islands,AN_Nicobars,Nicobars,0,0,0,0,0,0,0,0,0,District-wise numbers are out-dated as cumulative counts for each district are not reported in bulletin,
2,AN,Andaman and Nicobar Islands,AN_North and Middle Andaman,North and Middle Andaman,1,0,1,0,0,0,0,0,0,District-wise numbers are out-dated as cumulative counts for each district are not reported in bulletin,
3,AN,Andaman and Nicobar Islands,AN_South Andaman,South Andaman,51,19,32,0,0,0,0,0,0,District-wise numbers are out-dated as cumulative counts for each district are not reported in bulletin,
0,AP,Andhra Pradesh,AP_Foreign Evacuees,Foreign Evacuees,434,0,434,0,0,0,0,0,0,,
4,AP,Andhra Pradesh,AP_Anantapur,Anantapur,94997,14185,80101,711,0,1779,247,1530,2,,
5,AP,Andhra Pradesh,AP_Chittoor,Chittoor,135499,20960,113523,1016,0,2260,271,1982,7,,
6,AP,Andhra Pradesh,AP_East Godavari,East Godavari,157979,20924,136302,753,0,1823,321,1494,8,,
7,AP,Andhra Pradesh,AP_Guntur,Guntur,116760,18917,97086,757,0,1515,583,926,6,,
8,AP,Andhra Pradesh,AP_Krishna,Krishna,67591,8545,58241,805,0,780,25,749,6,,
9,AP,Andhra Pradesh,AP_Kurnool,Kurnool,89709,14675,74452,582,0,1342,352,985,5,,
0,AP,Andhra Pradesh,AP_Other State,Other State,2461,0,2461,0,0,0,0,0,0,,
10,AP,Andhra Pradesh,AP_Prakasam,Prakasam,80905,13071,67165,669,0,385,-72,452,5,,
11,AP,Andhra Pradesh,AP_S.P.S. Nellore,S.P.S. Nellore,89808,15653,73513,642,0,1530,527,999,4,,
12,AP,Andhra Pradesh,AP_Srikakulam,Srikakulam,82526,19472,62630,424,0,1632,374,1254,4,,
13,AP,Andhra Pradesh,AP_Visakhapatnam,Visakhapatnam,93088,15920,76464,704,0,1868,676,1182,10,,
14,AP,Andhra Pradesh,AP_Vizianagaram,Vizianagaram,56633,7893,48392,348,0,749,415,323,11,,
15,AP,Andhra Pradesh,AP_West Godavari,West Godavari,107515,10218,96684,613,0,905,784,116,5,,
16,AP,Andhra Pradesh,AP_Y.S.R. Kadapa,Y.S.R. Kadapa,69469,6262,62712,495,0,620,-137,757,0,,
17,AR,Arunachal Pradesh,AR_Anjaw,Anjaw,277,69,208,0,0,0,0,0,0,,
18,AR,Arunachal Pradesh,AR_Changlang,Changlang,1407,88,1315,4,0,11,7,4,0,,
19,AR,Arunachal Pradesh,AR_East Kameng,East Kameng,314,5,309,0,0,0,-2,2,0,,
20,AR,Arunachal Pradesh,AR_East Siang,East Siang,1285,79,1201,5,0,4,0,3,1,,
21,AR,Arunachal Pradesh,AR_Kamle,Kamle,33,3,30,0,0,0,0,0,0,,
22,AR,Arunachal Pradesh,AR_Kra Daadi,Kra Daadi,41,4,37,0,0,0,0,0,0,,
23,AR,Arunachal Pradesh,AR_Kurung Kumey,Kurung Kumey,118,0,118,0,0,0,0,0,0,,
24,AR,Arunachal Pradesh,AR_Lepa Rada,Lepa Rada,320,23,297,0,0,1,-1,2,0,,
25,AR,Arunachal Pradesh,AR_Lohit,Lohit,657,62,595,0,0,5,3,2,0,,
26,AR,Arunachal Pradesh,AR_Longding,Longding,269,14,255,0,0,0,-4,4,0,,
27,AR,Arunachal Pradesh,AR_Lower Dibang Valley,Lower Dibang Valley,990,299,689,2,0,26,-10,36,0,,
28,AR,Arunachal Pradesh,AR_Lower Siang,Lower Siang,325,29,296,0,0,3,0,3,0,,
29,AR,Arunachal Pradesh,AR_Lower Subansiri,Lower Subansiri,545,119,425,1,0,16,2,14,0,,
30,AR,Arunachal Pradesh,AR_Namsai,Namsai,535,77,454,4,0,14,12,2,0,,
31,AR,Arunachal Pradesh,AR_Pakke Kessang,Pakke Kessang,153,21,132,0,0,0,0,0,0,,
32,AR,Arunachal Pradesh,AR_Papum Pare,Papum Pare,7913,671,7212,30,0,46,7,39,0,,
33,AR,Arunachal Pradesh,AR_Shi Yomi,Shi Yomi,106,2,104,0,0,0,0,0,0,,
34,AR,Arunachal Pradesh,AR_Siang,Siang,135,2,132,1,0,0,0,0,0,,
35,AR,Arunachal Pradesh,AR_Tawang,Tawang,581,56,523,2,0,6,-2,8,0,,
36,AR,Arunachal Pradesh,AR_Tirap,Tirap,646,37,607,2,0,3,3,0,0,,
37,AR,Arunachal Pradesh,AR_Upper Dibang Valley,Upper Dibang Valley,40,15,25,0,0,3,3,0,0,,
38,AR,Arunachal Pradesh,AR_Upper Siang,Upper Siang,382,20,362,0,0,3,2,1,0,,
39,AR,Arunachal Pradesh,AR_Upper Subansiri,Upper Subansiri,484,33,449,2,0,16,16,0,0,,
40,AR,Arunachal Pradesh,AR_West Kameng,West Kameng,1181,140,1037,4,0,10,0,10,0,,
41,AR,Arunachal Pradesh,AR_West Siang,West Siang,1067,27,1037,3,0,2,0,2,0,,
0,AS,Assam,AS_Airport Quarantine,Airport Quarantine,13,0,13,0,0,0,0,0,0,,
42,AS,Assam,AS_Baksa,Baksa,1084,627,447,10,0,61,60,0,1,,
43,AS,Assam,AS_Barpeta,Barpeta,2936,1879,1024,33,0,200,198,0,2,,
44,AS,Assam,AS_Biswanath,Biswanath,938,550,379,9,0,41,40,0,1,,
45,AS,Assam,AS_Bongaigaon,Bongaigaon,2352,1500,834,18,0,123,122,0,1,,
46,AS,Assam,AS_Cachar,Cachar,7753,6197,1498,58,0,168,165,0,3,,
47,AS,Assam,AS_Charaideo,Charaideo,376,258,105,13,0,27,27,0,0,,
48,AS,Assam,AS_Chirang,Chirang,579,351,219,9,0,36,36,0,0,,
49,AS,Assam,AS_Darrang,Darrang,3495,1742,1730,23,0,181,181,0,0,,
50,AS,Assam,AS_Dhemaji,Dhemaji,1317,866,440,11,0,66,66,0,0,,
51,AS,Assam,AS_Dhubri,Dhubri,2552,1325,1215,12,0,86,86,0,0,,
52,AS,Assam,AS_Dibrugarh,Dibrugarh,14108,11575,2409,124,0,453,445,0,8,,
53,AS,Assam,AS_Dima Hasao,Dima Hasao,466,265,199,2,0,21,21,0,0,,
54,AS,Assam,AS_Goalpara,Goalpara,1739,38,568,19,0,172,172,0,0,,
55,AS,Assam,AS_Golaghat,Golaghat,5181,3473,1656,52,0,150,147,0,3,,
56,AS,Assam,AS_Hailakandi,Hailakandi,1994,871,1116,7,0,45,45,0,0,,
57,AS,Assam,AS_Hojai,Hojai,2367,1186,1160,21,0,71,70,0,1,,
58,AS,Assam,AS_Jorhat,Jorhat,10269,8450,1752,67,0,106,105,0,1,,
59,AS,Assam,AS_Kamrup,Kamrup,8587,6460,2074,53,0,474,473,0,1,,
60,AS,Assam,AS_Kamrup Metropolitan,Kamrup Metropolitan,70836,55194,15370,272,0,1551,1536,0,15,,
61,AS,Assam,AS_Karbi Anglong,Karbi Anglong,1522,958,552,12,0,100,100,0,0,,
62,AS,Assam,AS_Karimganj,Karimganj,1921,933,955,33,0,108,107,0,1,,
63,AS,Assam,AS_Kokrajhar,Kokrajhar,1179,811,353,15,0,74,74,0,0,,
64,AS,Assam,AS_Lakhimpur,Lakhimpur,3917,2754,1135,28,0,130,130,0,0,,
65,AS,Assam,AS_Majuli,Majuli,240,154,80,6,0,4,4,0,0,,
66,AS,Assam,AS_Morigaon,Morigaon,1733,1167,557,9,0,181,181,0,0,,
67,AS,Assam,AS_Nagaon,Nagaon,6934,4395,2506,33,0,294,294,0,0,,
68,AS,Assam,AS_Nalbari,Nalbari,2744,1891,828,25,0,176,174,0,2,,
0,AS,Assam,AS_Other State,Other State,77,76,1,0,0,11,11,0,0,,
69,AS,Assam,AS_Sivasagar,Sivasagar,1464,948,473,43,0,90,88,0,2,,
70,AS,Assam,AS_Sonitpur,Sonitpur,4127,2370,1727,30,0,181,179,0,2,,
71,AS,Assam,AS_South Salmara Mankachar,South Salmara Mankachar,232,184,47,1,0,11,11,0,0,,
72,AS,Assam,AS_Tinsukia,Tinsukia,5027,3176,1798,53,0,160,159,0,1,,
73,AS,Assam,AS_Udalguri,Udalguri,1375,692,666,17,0,61,59,0,2,,
74,AS,Assam,AS_West Karbi Anglong,West Karbi Anglong,149,111,37,1,0,13,13,0,0,,
75,BR,Bihar,BR_Araria,Araria,10877,1775,9073,29,0,201,38,163,0,,
76,BR,Bihar,BR_Arwal,Arwal,5782,1434,4326,22,0,140,3,137,0,,
77,BR,Bihar,BR_Aurangabad,Aurangabad,16191,3800,12362,29,0,236,-172,408,0,,
78,BR,Bihar,BR_Banka,Banka,6100,816,5226,58,0,120,2,116,2,,
79,BR,Bihar,BR_Begusarai,Begusarai,20265,4840,15381,44,0,489,-26,515,0,,
80,BR,Bihar,BR_Bhagalpur,Bhagalpur,22117,3220,18674,223,0,515,-401,913,3,,
81,BR,Bihar,BR_Bhojpur,Bhojpur,8855,869,7915,71,0,190,-9,195,4,,
82,BR,Bihar,BR_Buxar,Buxar,7927,1263,6638,26,0,156,-50,205,1,,
83,BR,Bihar,BR_Darbhanga,Darbhanga,7601,1673,5807,121,0,179,31,145,3,,
101,BR,Bihar,BR_East Champaran,East Champaran,13842,2030,11733,79,0,267,-21,287,1,,
84,BR,Bihar,BR_Gaya,Gaya,28475,6132,22208,135,0,518,-413,931,0,,
85,BR,Bihar,BR_Gopalganj,Gopalganj,11324,2392,8912,20,0,246,-20,266,0,,
86,BR,Bihar,BR_Jamui,Jamui,7473,1852,5604,17,0,263,13,249,1,,
87,BR,Bihar,BR_Jehanabad,Jehanabad,9856,1036,8770,50,0,108,-69,177,0,,
88,BR,Bihar,BR_Kaimur,Kaimur,4307,459,3837,11,0,109,-8,117,0,,
89,BR,Bihar,BR_Katihar,Katihar,12732,2332,10371,29,0,216,18,198,0,,
90,BR,Bihar,BR_Khagaria,Khagaria,7360,1978,5362,20,0,186,13,173,0,,
91,BR,Bihar,BR_Kishanganj,Kishanganj,6944,1384,5544,16,0,182,63,119,0,,
92,BR,Bihar,BR_Lakhisarai,Lakhisarai,6269,837,5414,18,0,69,-30,99,0,,
93,BR,Bihar,BR_Madhepura,Madhepura,9341,2397,6898,46,0,279,94,185,0,,
94,BR,Bihar,BR_Madhubani,Madhubani,13460,3155,10237,68,0,362,-9,368,3,,
95,BR,Bihar,BR_Munger,Munger,11170,2563,8510,97,0,603,321,279,3,,
96,BR,Bihar,BR_Muzaffarpur,Muzaffarpur,24825,5553,19083,189,0,633,33,595,5,,
97,BR,Bihar,BR_Nalanda,Nalanda,18028,4072,13816,140,0,548,112,434,2,,
98,BR,Bihar,BR_Nawada,Nawada,8614,1363,7197,54,0,131,-80,209,2,,
100,BR,Bihar,BR_Patna,Patna,121340,22330,98100,910,0,2416,626,1771,19,,
102,BR,Bihar,BR_Purnia,Purnia,18078,2953,15089,36,0,460,-9,468,1,,
103,BR,Bihar,BR_Rohtas,Rohtas,12157,1900,10205,52,0,142,-199,341,0,,
104,BR,Bihar,BR_Saharsa,Saharsa,13658,2780,10853,25,0,285,1,284,0,,
105,BR,Bihar,BR_Samastipur,Samastipur,12767,3112,9593,62,0,378,222,153,3,,
106,BR,Bihar,BR_Saran,Saran,18664,4102,14474,88,0,509,3,504,2,,
107,BR,Bihar,BR_Sheikhpura,Sheikhpura,6203,1448,4730,25,0,90,-181,271,0,,
108,BR,Bihar,BR_Sheohar,Sheohar,3093,975,2111,7,0,89,47,42,0,,
109,BR,Bihar,BR_Sitamarhi,Sitamarhi,7296,1513,5745,38,0,160,-10,168,2,,
110,BR,Bihar,BR_Siwan,Siwan,11531,2415,9056,60,0,430,277,152,1,,
111,BR,Bihar,BR_Supaul,Supaul,11830,3622,8168,40,0,513,121,392,0,,
112,BR,Bihar,BR_Vaishali,Vaishali,14317,3976,10268,72,1,509,-4,512,1,,
99,BR,Bihar,BR_West Champaran,West Champaran,16600,4715,11773,112,0,539,-412,948,3,,
113,CH,Chandigarh,CH_Chandigarh,Chandigarh,48442,8505,39388,549,0,890,85,797,8,,
0,CT,Chhattisgarh,CT_Other State,Other State,649,34,526,89,0,3,-7,5,5,,
114,CT,Chhattisgarh,CT_Balod,Balod,22813,3882,18671,260,0,429,69,354,6,,
115,CT,Chhattisgarh,CT_Baloda Bazar,Baloda Bazar,33749,5512,27950,287,0,711,-70,775,6,,
116,CT,Chhattisgarh,CT_Balrampur,Balrampur,11893,3050,8785,58,0,598,254,340,4,,
117,CT,Chhattisgarh,CT_Bametara,Bametara,17785,2801,14815,169,0,192,-130,318,4,,
118,CT,Chhattisgarh,CT_Bastar,Bastar,15203,1473,13606,124,0,198,-6,201,3,,
119,CT,Chhattisgarh,CT_Bijapur,Bijapur,4969,259,4681,29,0,78,31,47,0,,
120,CT,Chhattisgarh,CT_Bilaspur,Bilaspur,58619,8193,49501,925,0,605,118,457,30,,
121,CT,Chhattisgarh,CT_Dakshin Bastar Dantewada,Dakshin Bastar Dantewada,8141,544,7578,19,0,78,1,77,0,,
122,CT,Chhattisgarh,CT_Dhamtari,Dhamtari,22424,4694,17310,420,0,430,-31,455,6,,
123,CT,Chhattisgarh,CT_Durg,Durg,91080,5233,84323,1524,0,443,-78,510,11,,
124,CT,Chhattisgarh,CT_Gariaband,Gariaband,16426,2928,13341,157,0,290,-242,530,2,,
125,CT,Chhattisgarh,CT_Janjgir Champa,Janjgir Champa,45901,10373,34998,530,0,1144,-22,1146,20,,
126,CT,Chhattisgarh,CT_Jashpur,Jashpur,17863,4861,12885,117,0,541,163,377,1,,
127,CT,Chhattisgarh,CT_Kabeerdham,Kabeerdham,19161,4692,14266,203,0,450,-222,664,8,,
128,CT,Chhattisgarh,CT_Kondagaon,Kondagaon,9884,1952,7864,68,0,299,98,198,3,,
129,CT,Chhattisgarh,CT_Korba,Korba,45601,9037,36133,431,0,801,18,768,15,,
130,CT,Chhattisgarh,CT_Koriya,Koriya,16846,4263,12481,102,0,589,221,364,4,,
131,CT,Chhattisgarh,CT_Mahasamund,Mahasamund,26186,5452,20465,269,0,454,-31,479,6,,
132,CT,Chhattisgarh,CT_Mungeli,Mungeli,17726,5806,11831,89,0,638,12,624,2,,
133,CT,Chhattisgarh,CT_Narayanpur,Narayanpur,2682,359,2320,3,0,48,25,23,0,,
134,CT,Chhattisgarh,CT_Raigarh,Raigarh,50025,11576,37816,633,0,1238,364,860,14,,
135,CT,Chhattisgarh,CT_Raipur,Raipur,148116,10470,134914,2732,0,818,-780,1558,40,,
136,CT,Chhattisgarh,CT_Rajnandgaon,Rajnandgaon,52301,6948,44934,419,0,506,-346,847,5,,
137,CT,Chhattisgarh,CT_Sukma,Sukma,4912,277,4621,14,0,74,22,52,0,,
138,CT,Chhattisgarh,CT_Surajpur,Surajpur,18408,4002,14306,100,0,661,233,425,3,,
139,CT,Chhattisgarh,CT_Surguja,Surguja,23861,4393,19292,176,0,542,135,404,3,,
140,CT,Chhattisgarh,CT_Uttar Bastar Kanker,Uttar Bastar Kanker,18816,4900,13761,155,0,452,-85,537,0,,
766,CT,Chhattisgarh,CT_Gaurela Pendra Marwahi,Gaurela Pendra Marwahi,8077,3077,4944,56,0,318,82,229,7,,
144,DL,Delhi,DL_Central Delhi,Central Delhi,184,184,0,0,0,0,0,0,0,District-wise numbers are out-dated as cumulative counts for each district are not reported in bulletin,
145,DL,Delhi,DL_East Delhi,East Delhi,38,38,0,0,0,0,0,0,0,District-wise numbers are out-dated as cumulative counts for each district are not reported in bulletin,
146,DL,Delhi,DL_New Delhi,New Delhi,37,37,0,0,0,0,0,0,0,District-wise numbers are out-dated as cumulative counts for each district are not reported in bulletin,
147,DL,Delhi,DL_North Delhi,North Delhi,60,60,0,0,0,0,0,0,0,District-wise numbers are out-dated as cumulative counts for each district are not reported in bulletin,
148,DL,Delhi,DL_North East Delhi,North East Delhi,25,25,0,0,0,0,0,0,0,District-wise numbers are out-dated as cumulative counts for each district are not reported in bulletin,
149,DL,Delhi,DL_North West Delhi,North West Delhi,32,31,0,1,0,0,0,0,0,District-wise numbers are out-dated as cumulative counts for each district are not reported in bulletin,
150,DL,Delhi,DL_Shahdara,Shahdara,48,48,0,0,0,0,0,0,0,District-wise numbers are out-dated as cumulative counts for each district are not reported in bulletin,
151,DL,Delhi,DL_South Delhi,South Delhi,70,70,0,0,0,0,0,0,0,District-wise numbers are out-dated as cumulative counts for each district are not reported in bulletin,
152,DL,Delhi,DL_South East Delhi,South East Delhi,130,130,0,0,0,0,0,0,0,District-wise numbers are out-dated as cumulative counts for each district are not reported in bulletin,
153,DL,Delhi,DL_South West Delhi,South West Delhi,42,42,0,0,0,0,0,0,0,District-wise numbers are out-dated as cumulative counts for each district are not reported in bulletin,
154,DL,Delhi,DL_West Delhi,West Delhi,122,122,0,0,0,0,0,0,0,District-wise numbers are out-dated as cumulative counts for each district are not reported in bulletin,
0,DN,Dadra and Nagar Haveli and Daman and Diu,DN_Other State,Other State,0,0,0,0,0,0,0,0,0,,
141,DN,Dadra and Nagar Haveli and Daman and Diu,DN_Dadra and Nagar Haveli,Dadra and Nagar Haveli,5228,1077,4143,3,5,50,-106,156,0,,
142,DN,Dadra and Nagar Haveli and Daman and Diu,DN_Daman,Daman,2899,461,2411,1,26,60,14,46,0,,
143,DN,Dadra and Nagar Haveli and Daman and Diu,DN_Diu,Diu,672,109,561,0,2,11,3,8,0,,
0,GA,Goa,GA_Other State,Other State,200,9,190,1,0,0,0,0,0,District-wise numbers are out-dated as cumulative counts for each district are not reported in bulletin,
155,GA,Goa,GA_North Goa,North Goa,2668,1639,964,65,0,0,0,0,0,District-wise numbers are out-dated as cumulative counts for each district are not reported in bulletin,
156,GA,Goa,GA_South Goa,South Goa,3511,1978,1407,126,0,0,0,0,0,District-wise numbers are out-dated as cumulative counts for each district are not reported in bulletin,
0,GJ,Gujarat,GJ_Other State,Other State,162,0,159,3,0,0,0,0,0,,
157,GJ,Gujarat,GJ_Ahmedabad,Ahmedabad,197478,64996,129409,3073,0,3837,-1450,5270,17,,
158,GJ,Gujarat,GJ_Amreli,Amreli,7370,1255,6053,62,0,96,-1,95,2,,
159,GJ,Gujarat,GJ_Anand,Anand,6055,1153,4874,28,0,195,-35,229,1,,
160,GJ,Gujarat,GJ_Aravalli,Aravalli,3309,1229,2025,55,0,155,76,77,2,,
161,GJ,Gujarat,GJ_Banaskantha,Banaskantha,10309,1021,9173,115,0,207,106,100,1,,
162,GJ,Gujarat,GJ_Bharuch,Bharuch,8387,1816,6493,78,0,114,-57,169,2,,
163,GJ,Gujarat,GJ_Bhavnagar,Bhavnagar,16574,5411,10946,217,0,391,75,305,11,,
164,GJ,Gujarat,GJ_Botad,Botad,1918,391,1489,38,0,19,6,11,2,,
165,GJ,Gujarat,GJ_Chhota Udaipur,Chhota Udaipur,2566,569,1972,25,0,98,30,67,1,,
167,GJ,Gujarat,GJ_Dahod,Dahod,7672,1517,6125,30,0,190,24,165,1,,
187,GJ,Gujarat,GJ_Dang,Dang,700,139,547,14,0,5,-9,14,0,,
166,GJ,Gujarat,GJ_Devbhumi Dwarka,Devbhumi Dwarka,2544,885,1610,49,0,57,42,12,3,,
168,GJ,Gujarat,GJ_Gandhinagar,Gandhinagar,17088,3059,13862,167,0,286,31,254,1,,
169,GJ,Gujarat,GJ_Gir Somnath,Gir Somnath,5364,1486,3841,37,0,231,159,71,1,,
170,GJ,Gujarat,GJ_Jamnagar,Jamnagar,27833,5998,21520,315,0,726,101,612,13,,
171,GJ,Gujarat,GJ_Junagadh,Junagadh,12312,2276,9890,146,0,482,225,250,7,,
173,GJ,Gujarat,GJ_Kheda,Kheda,7467,1039,6399,29,0,142,-24,166,0,,
172,GJ,Gujarat,GJ_Kutch,Kutch,9418,2661,6653,104,0,211,17,190,4,,
175,GJ,Gujarat,GJ_Mahisagar,Mahisagar,5859,2013,3802,44,0,210,57,153,0,,
174,GJ,Gujarat,GJ_Mehsana,Mehsana,19475,5338,14030,107,0,497,56,438,3,,
176,GJ,Gujarat,GJ_Morbi,Morbi,5842,979,4780,83,0,80,21,59,0,,
177,GJ,Gujarat,GJ_Narmada,Narmada,4694,1067,3619,8,0,114,73,41,0,,
178,GJ,Gujarat,GJ_Navsari,Navsari,5150,1413,3722,15,0,146,5,140,1,,
179,GJ,Gujarat,GJ_Panchmahal,Panchmahal,8079,1563,6471,45,0,223,133,89,1,,
180,GJ,Gujarat,GJ_Patan,Patan,9542,1675,7771,96,0,139,-74,210,3,,
181,GJ,Gujarat,GJ_Porbandar,Porbandar,1694,293,1391,10,0,32,-5,36,1,,
182,GJ,Gujarat,GJ_Rajkot,Rajkot,47652,4090,42993,569,0,496,-24,508,12,,
183,GJ,Gujarat,GJ_Sabarkantha,Sabarkantha,6484,1607,4759,118,0,110,19,87,4,,
184,GJ,Gujarat,GJ_Surat,Surat,126451,15863,108890,1698,0,1209,-972,2169,12,,
185,GJ,Gujarat,GJ_Surendranagar,Surendranagar,6994,1560,5311,123,0,112,-91,202,1,,
186,GJ,Gujarat,GJ_Tapi,Tapi,3788,1404,2371,13,0,114,76,37,1,,
188,GJ,Gujarat,GJ_Vadodara,Vadodara,57626,9279,47743,604,0,1038,275,754,9,,
189,GJ,Gujarat,GJ_Valsad,Valsad,4180,1340,2804,36,0,102,-5,105,2,,
212,HP,Himachal Pradesh,HP_Bilaspur,Bilaspur,7295,2250,5007,37,1,317,155,159,3,,
213,HP,Himachal Pradesh,HP_Chamba,Chamba,5551,1383,4091,67,10,267,150,117,0,One death of COVID-19 positive patient has occured due to non-covid reasons,
214,HP,Himachal Pradesh,HP_Hamirpur,Hamirpur,8148,2120,5922,105,1,300,198,100,2,,
215,HP,Himachal Pradesh,HP_Kangra,Kangra,24353,8237,15631,483,2,1605,1000,584,21,Death of Tibetan refugee on March 22 included in Kangra district's tally,
216,HP,Himachal Pradesh,HP_Kinnaur,Kinnaur,1954,332,1598,24,0,0,0,0,0,,
217,HP,Himachal Pradesh,HP_Kullu,Kullu,6434,737,5576,100,21,42,-79,121,0,,
218,HP,Himachal Pradesh,HP_Lahaul and Spiti,Lahaul and Spiti,2134,382,1739,13,0,16,6,10,0,,
219,HP,Himachal Pradesh,HP_Mandi,Mandi,17007,3054,13746,207,0,518,210,302,6,,
220,HP,Himachal Pradesh,HP_Shimla,Shimla,17044,2787,13873,380,4,281,68,209,4,One death of COVID-19 positive patient has occured due to non-covid reasons,
221,HP,Himachal Pradesh,HP_Sirmaur,Sirmaur,9467,2923,6452,92,0,482,226,247,9,,
222,HP,Himachal Pradesh,HP_Solan,Solan,15540,3709,11687,144,0,230,-191,413,8,,
223,HP,Himachal Pradesh,HP_Una,Una,7979,1599,6251,128,1,119,2,114,3,,
0,HR,Haryana,HR_Foreign Evacuees,Foreign Evacuees,0,0,0,0,0,0,0,0,0,,
190,HR,Haryana,HR_Ambala,Ambala,23751,4588,18852,311,0,407,146,251,10,,
191,HR,Haryana,HR_Bhiwani,Bhiwani,13003,2478,10234,291,0,74,-240,302,12,,
192,HR,Haryana,HR_Charkhi Dadri,Charkhi Dadri,2736,425,2281,30,0,76,32,44,0,,
193,HR,Haryana,HR_Faridabad,Faridabad,84393,14221,69610,562,0,1587,-124,1703,8,,
194,HR,Haryana,HR_Fatehabad,Fatehabad,11724,3008,8430,286,0,404,148,238,18,,
195,HR,Haryana,HR_Gurugram,Gurugram,150233,38999,110667,567,0,3588,-682,4253,17,,
196,HR,Haryana,HR_Hisar,Hisar,37256,8177,28515,564,0,1143,186,935,22,,
0,HR,Haryana,HR_Italians,Italians,0,0,0,0,0,0,0,0,0,,
197,HR,Haryana,HR_Jhajjar,Jhajjar,12112,1466,10516,130,0,326,-19,342,3,,
198,HR,Haryana,HR_Jind,Jind,15193,3028,11927,238,0,469,-163,621,11,,
199,HR,Haryana,HR_Kaithal,Kaithal,8516,886,7473,157,0,159,-31,182,8,,
200,HR,Haryana,HR_Karnal,Karnal,31648,5300,26032,316,0,500,-350,840,10,,
201,HR,Haryana,HR_Kurukshetra,Kurukshetra,18121,2248,15661,212,0,229,-6,231,4,,
202,HR,Haryana,HR_Mahendragarh,Mahendragarh,14020,4985,8996,39,0,877,388,489,0,,
203,HR,Haryana,HR_Nuh,Nuh,3499,740,2716,43,0,181,36,145,0,,
204,HR,Haryana,HR_Palwal,Palwal,6572,814,5691,67,0,234,82,152,0,,
205,HR,Haryana,HR_Panchkula,Panchkula,24092,2776,21076,240,0,523,309,210,4,,
206,HR,Haryana,HR_Panipat,Panipat,24327,5959,18085,283,0,498,38,439,21,,
207,HR,Haryana,HR_Rewari,Rewari,15181,1501,13585,95,0,255,190,65,0,,
208,HR,Haryana,HR_Rohtak,Rohtak,19216,1777,17172,267,0,400,37,363,0,,
209,HR,Haryana,HR_Sirsa,Sirsa,18178,4572,13395,211,0,459,-51,506,4,,
210,HR,Haryana,HR_Sonipat,Sonipat,36489,5940,30391,158,0,1075,156,916,3,,
211,HR,Haryana,HR_Yamunanagar,Yamunanagar,17422,2075,15115,232,0,403,39,357,7,,
246,JH,Jharkhand,JH_Bokaro,Bokaro,14687,3398,11139,150,0,745,393,344,8,,
247,JH,Jharkhand,JH_Chatra,Chatra,4380,1563,2778,39,0,44,-7,49,2,,
248,JH,Jharkhand,JH_Deoghar,Deoghar,8523,1580,6867,76,0,67,-53,115,5,,
249,JH,Jharkhand,JH_Dhanbad,Dhanbad,12946,1605,11044,297,0,196,19,168,9,,
250,JH,Jharkhand,JH_Dumka,Dumka,4097,1103,2958,36,0,46,-30,75,1,,
264,JH,Jharkhand,JH_East Singhbhum,East Singhbhum,40191,5772,33644,775,0,968,52,890,26,,
251,JH,Jharkhand,JH_Garhwa,Garhwa,5032,909,4068,55,0,83,58,23,2,,
252,JH,Jharkhand,JH_Giridih,Giridih,6628,1478,5065,85,0,220,56,154,10,,
253,JH,Jharkhand,JH_Godda,Godda,4779,350,4362,67,0,73,-5,78,0,,
254,JH,Jharkhand,JH_Gumla,Gumla,7024,2268,4730,26,0,159,30,126,3,,
255,JH,Jharkhand,JH_Hazaribagh,Hazaribagh,14815,4381,10326,108,0,317,-47,361,3,,
256,JH,Jharkhand,JH_Jamtara,Jamtara,4273,1006,3233,34,0,100,43,57,0,,
257,JH,Jharkhand,JH_Khunti,Khunti,5818,1185,4571,62,0,192,106,84,2,,
258,JH,Jharkhand,JH_Koderma,Koderma,10259,1968,8182,109,0,322,113,204,5,,
259,JH,Jharkhand,JH_Latehar,Latehar,5620,2827,2750,43,0,157,142,12,3,,
260,JH,Jharkhand,JH_Lohardaga,Lohardaga,5104,1797,3250,57,0,105,-60,163,2,,
261,JH,Jharkhand,JH_Pakur,Pakur,1667,356,1304,7,0,110,88,22,0,,
262,JH,Jharkhand,JH_Palamu,Palamu,8007,1646,6289,72,0,197,-40,234,3,,
265,JH,Jharkhand,JH_Ramgarh,Ramgarh,11201,2441,8609,151,0,270,-234,501,3,,
266,JH,Jharkhand,JH_Ranchi,Ranchi,76608,19713,55764,1131,0,970,-55,987,38,,
267,JH,Jharkhand,JH_Sahibganj,Sahibganj,4016,281,3702,33,0,52,-11,62,1,,
268,JH,Jharkhand,JH_Saraikela-Kharsawan,Saraikela-Kharsawan,5932,1119,4766,47,0,123,8,112,3,,
269,JH,Jharkhand,JH_Simdega,Simdega,4865,1134,3672,59,0,130,-4,130,4,,
263,JH,Jharkhand,JH_West Singhbhum,West Singhbhum,9590,1296,8198,96,0,327,-18,342,3,,
224,JK,Jammu and Kashmir,JK_Anantnag,Anantnag,9206,2989,6099,118,0,568,477,88,3,,
226,JK,Jammu and Kashmir,JK_Bandipora,Bandipora,6073,731,5276,66,0,93,22,70,1,,
227,JK,Jammu and Kashmir,JK_Baramulla,Baramulla,15480,3734,11535,211,0,496,312,182,2,,
225,JK,Jammu and Kashmir,JK_Budgam,Budgam,12967,2863,9968,136,0,384,219,165,0,,
228,JK,Jammu and Kashmir,JK_Doda,Doda,4080,433,3577,70,0,37,24,13,0,,
229,JK,Jammu and Kashmir,JK_Ganderbal,Ganderbal,6089,864,5172,53,0,169,114,54,1,,
230,JK,Jammu and Kashmir,JK_Jammu,Jammu,38645,7087,30945,613,0,639,39,576,24,,
231,JK,Jammu and Kashmir,JK_Kathua,Kathua,5602,1155,4377,70,0,226,156,70,0,,
232,JK,Jammu and Kashmir,JK_Kishtwar,Kishtwar,3132,196,2912,24,0,39,39,0,0,,
233,JK,Jammu and Kashmir,JK_Kulgam,Kulgam,5894,2477,3347,70,0,344,284,60,0,,
234,JK,Jammu and Kashmir,JK_Kupwara,Kupwara,7941,1402,6434,105,0,198,109,88,1,,
235,JK,Jammu and Kashmir,JK_Mirpur,Mirpur,0,0,0,0,0,0,0,0,0,,
236,JK,Jammu and Kashmir,JK_Muzaffarabad,Muzaffarabad,0,0,0,0,0,0,0,0,0,,
237,JK,Jammu and Kashmir,JK_Pulwama,Pulwama,8519,2026,6378,115,0,118,-2,116,4,,
238,JK,Jammu and Kashmir,JK_Punch,Punch,3478,772,2660,46,0,95,86,9,0,,
239,JK,Jammu and Kashmir,JK_Rajouri,Rajouri,6158,2075,3998,85,0,300,284,12,4,,
240,JK,Jammu and Kashmir,JK_Ramban,Ramban,3090,558,2501,31,0,67,66,0,1,,
241,JK,Jammu and Kashmir,JK_Reasi,Reasi,3838,559,3259,20,0,52,-7,59,0,,
242,JK,Jammu and Kashmir,JK_Samba,Samba,4528,1455,3006,67,0,121,-18,139,0,,
243,JK,Jammu and Kashmir,JK_Shopiyan,Shopiyan,3691,850,2797,44,0,134,87,45,2,,
244,JK,Jammu and Kashmir,JK_Srinagar,Srinagar,51361,10800,39964,597,0,1071,134,930,7,,
245,JK,Jammu and Kashmir,JK_Udhampur,Udhampur,7182,1281,5830,71,0,292,216,76,0,,
270,KA,Karnataka,KA_Bagalkote,Bagalkote,21575,4462,16930,183,0,661,455,199,7,,
271,KA,Karnataka,KA_Ballari,Ballari,59334,12460,46012,862,0,1284,595,665,24,,
272,KA,Karnataka,KA_Belagavi,Belagavi,37301,5717,31216,368,0,965,489,476,0,,
274,KA,Karnataka,KA_Bengaluru Rural,Bengaluru Rural,35495,11579,23646,270,0,959,501,446,12,,
273,KA,Karnataka,KA_Bengaluru Urban,Bengaluru Urban,908462,341978,558992,7491,1,21376,9246,11784,346,,
275,KA,Karnataka,KA_Bidar,Bidar,20579,4136,16155,284,4,437,157,275,5,,
276,KA,Karnataka,KA_Chamarajanagara,Chamarajanagara,15154,4197,10735,211,11,725,329,389,7,,
277,KA,Karnataka,KA_Chikkaballapura,Chikkaballapura,25494,6448,18880,165,1,734,292,435,7,,
278,KA,Karnataka,KA_Chikkamagaluru,Chikkamagaluru,21770,4472,17128,170,0,632,331,297,4,,
279,KA,Karnataka,KA_Chitradurga,Chitradurga,18285,1677,16524,84,0,126,37,89,0,,
280,KA,Karnataka,KA_Dakshina Kannada,Dakshina Kannada,53169,10961,41428,778,2,1633,715,911,7,,
281,KA,Karnataka,KA_Davanagere,Davanagere,28932,3208,25429,295,0,538,278,258,2,,
282,KA,Karnataka,KA_Dharwad,Dharwad,36184,5543,29902,739,0,942,23,912,7,,
283,KA,Karnataka,KA_Gadag,Gadag,14035,1074,12809,152,0,248,87,158,3,,
284,KA,Karnataka,KA_Hassan,Hassan,50254,13206,36473,574,1,2422,1914,488,20,,
285,KA,Karnataka,KA_Haveri,Haveri,13974,1388,12336,250,0,214,-110,315,9,,
286,KA,Karnataka,KA_Kalaburagi,Kalaburagi,47762,12122,35104,536,0,1722,824,879,19,,
287,KA,Karnataka,KA_Kodagu,Kodagu,15353,5360,9876,117,0,622,-258,870,10,,
288,KA,Karnataka,KA_Kolar,Kolar,23228,4170,18827,231,0,828,163,663,2,,
289,KA,Karnataka,KA_Koppal,Koppal,21273,5257,15730,286,0,523,457,66,0,,
290,KA,Karnataka,KA_Mandya,Mandya,39448,8137,31052,259,0,1110,-285,1384,11,,
291,KA,Karnataka,KA_Mysuru,Mysuru,94599,16637,76668,1294,0,2246,-126,2350,22,,
0,KA,Karnataka,KA_Other State,Other State,36,0,33,3,0,0,0,0,0,,
292,KA,Karnataka,KA_Raichur,Raichur,25750,6921,18645,184,0,762,250,508,4,,
293,KA,Karnataka,KA_Ramanagara,Ramanagara,14048,3665,10233,150,0,501,279,212,10,,
294,KA,Karnataka,KA_Shivamogga,Shivamogga,32081,5858,25758,465,0,563,304,245,14,,
295,KA,Karnataka,KA_Tumakuru,Tumakuru,61129,17813,42760,556,0,3040,1554,1471,15,,
296,KA,Karnataka,KA_Udupi,Udupi,37867,5250,32400,217,0,976,187,783,6,,
297,KA,Karnataka,KA_Uttara Kannada,Uttara Kannada,24076,5072,18742,262,0,833,426,395,12,,
298,KA,Karnataka,KA_Vijayapura,Vijayapura,24512,3356,20887,269,0,445,124,315,6,,
299,KA,Karnataka,KA_Yadgir,Yadgir,17726,4517,13110,99,0,714,328,385,1,,
0,KL,Kerala,KL_Other State,Other State,0,0,0,0,0,0,0,0,0,,
300,KL,Kerala,KL_Alappuzha,Alappuzha,124018,23402,100125,460,31,2160,415,1745,0,,
301,KL,Kerala,KL_Ernakulam,Ernakulam,229945,64821,164568,517,39,5361,2623,2735,3,,
302,KL,Kerala,KL_Idukki,Idukki,51012,16848,34106,52,6,1117,726,391,0,,
303,KL,Kerala,KL_Kannur,Kannur,104674,26300,77895,442,37,3139,1475,1664,0,,
304,KL,Kerala,KL_Kasaragod,Kasaragod,54182,15708,38342,123,9,939,235,704,0,,
305,KL,Kerala,KL_Kollam,Kollam,127613,8593,118592,403,25,2422,1017,1405,0,,
306,KL,Kerala,KL_Kottayam,Kottayam,139068,15201,123566,290,11,2153,-910,3063,0,,
307,KL,Kerala,KL_Kozhikode,Kozhikode,222704,51695,170306,672,31,4200,991,3194,15,,
308,KL,Kerala,KL_Malappuram,Malappuram,194161,44274,149354,511,22,3949,724,3224,1,,
309,KL,Kerala,KL_Palakkad,Palakkad,104911,28255,76431,213,12,2968,-237,3200,5,,
310,KL,Kerala,KL_Pathanamthitta,Pathanamthitta,83416,13931,69325,152,8,1191,331,860,0,,
311,KL,Kerala,KL_Thiruvananthapuram,Thiruvananthapuram,169670,33767,134714,1094,95,3950,1564,2363,23,,
312,KL,Kerala,KL_Thrissur,Thrissur,173238,45780,126798,642,18,3738,1895,1837,6,,
313,KL,Kerala,KL_Wayanad,Wayanad,46245,14071,32055,112,7,1173,895,277,1,,
314,LA,Ladakh,LA_Kargil,Kargil,2559,212,2303,44,0,0,0,0,0,,
315,LA,Ladakh,LA_Leh,Leh,12350,1220,11023,107,0,0,0,0,0,,
316,LD,Lakshadweep,LD_Lakshadweep,Lakshadweep,3629,1127,2477,9,16,101,-18,118,1,,
369,MH,Maharashtra,MH_Ahmednagar,Ahmednagar,196147,23934,170000,2212,1,3969,2411,1524,34,,
370,MH,Maharashtra,MH_Akola,Akola,44663,5293,38692,674,4,833,455,365,13,,
371,MH,Maharashtra,MH_Amravati,Amravati,70048,9000,60022,1024,2,997,362,611,24,,
372,MH,Maharashtra,MH_Aurangabad,Aurangabad,131889,11803,117992,2080,14,1099,301,770,28,,
374,MH,Maharashtra,MH_Beed,Beed,64913,15550,48301,1053,9,1314,1051,231,32,,
373,MH,Maharashtra,MH_Bhandara,Bhandara,55114,9305,45262,540,7,747,735,0,12,,
375,MH,Maharashtra,MH_Buldhana,Buldhana,57612,14459,42764,384,5,1506,-350,1850,6,,
376,MH,Maharashtra,MH_Chandrapur,Chandrapur,70503,27154,42525,822,2,1004,312,663,29,,
377,MH,Maharashtra,MH_Dhule,Dhule,39650,3593,35575,470,12,284,11,256,17,,
378,MH,Maharashtra,MH_Gadchiroli,Gadchiroli,23152,3837,19086,220,9,475,-47,519,3,,
379,MH,Maharashtra,MH_Gondia,Gondia,35560,5228,29948,378,6,355,237,104,14,,
380,MH,Maharashtra,MH_Hingoli,Hingoli,15268,1985,13059,224,0,262,20,241,1,,
381,MH,Maharashtra,MH_Jalgaon,Jalgaon,125002,12678,110253,2040,31,767,-232,988,11,,
382,MH,Maharashtra,MH_Jalna,Jalna,49427,6420,42290,716,1,680,-59,722,17,,
383,MH,Maharashtra,MH_Kolhapur,Kolhapur,75663,14491,59238,1931,3,1660,1011,636,13,,
384,MH,Maharashtra,MH_Latur,Latur,79208,14019,63913,1272,4,869,848,0,21,,
385,MH,Maharashtra,MH_Mumbai,Mumbai,671125,54162,601545,13651,1767,3040,-1416,4385,71,"[Sep 9]After reconciling COVID-19 cases in Mumbai, owing to the removal of duplicates and change of addresses as per the original residence, 239 cases have been removed from the progressive figures.",
386,MH,Maharashtra,MH_Mumbai Suburban,Mumbai Suburban,0,0,0,0,0,0,0,0,0,,
387,MH,Maharashtra,MH_Nagpur,Nagpur,456918,61680,389679,5513,46,4484,502,3908,74,District administration provides number of persons tested instead of the number of samples tested.,
388,MH,Maharashtra,MH_Nanded,Nanded,85121,6102,77224,1787,8,553,-31,569,15,Number of active cases differs in the state bulletin and district bulletin. We follow the state bulletin.,
389,MH,Maharashtra,MH_Nandurbar,Nandurbar,36454,5757,30070,625,2,216,-242,457,1,,
390,MH,Maharashtra,MH_Nashik,Nashik,343738,40434,299718,3585,1,2845,-407,3117,135,Number of active cases differs in the state bulletin and district bulletin. We follow the state bulletin.,
391,MH,Maharashtra,MH_Osmanabad,Osmanabad,44219,8189,34971,1041,18,643,-258,884,17,,
0,MH,Maharashtra,MH_Other State,Other State,146,26,0,118,2,0,0,0,0,,
392,MH,Maharashtra,MH_Palghar,Palghar,98097,18475,78356,1256,10,1607,51,1551,5,,
393,MH,Maharashtra,MH_Parbhani,Parbhani,41915,10910,30320,674,11,638,350,262,26,,
394,MH,Maharashtra,MH_Pune,Pune,908358,120512,777783,10005,58,8998,5330,3605,63,Number of active cases differs in the state bulletin and district bulletin. We follow the state bulletin.,
395,MH,Maharashtra,MH_Raigad,Raigad,130346,11526,116551,2267,2,1159,51,1086,22,Number of active cases differs in the state bulletin and district bulletin. We follow the state bulletin.,
396,MH,Maharashtra,MH_Ratnagiri,Ratnagiri,28566,8154,19846,564,2,889,382,498,9,,
397,MH,Maharashtra,MH_Sangli,Sangli,91294,18069,71013,2210,2,2039,367,1653,19,,
398,MH,Maharashtra,MH_Satara,Satara,118182,21591,94153,2426,12,1993,62,1915,16,,
399,MH,Maharashtra,MH_Sindhudurg,Sindhudurg,15688,3766,11522,400,0,522,91,422,9,,
400,MH,Maharashtra,MH_Solapur,Solapur,122569,21885,97718,2907,59,2899,1078,1776,45,,
401,MH,Maharashtra,MH_Thane,Thane,532860,45670,479888,7271,31,2529,1520,958,51,,
402,MH,Maharashtra,MH_Wardha,Wardha,48493,7412,40362,636,83,851,290,541,20,,
403,MH,Maharashtra,MH_Washim,Washim,30430,4140,25917,370,3,492,159,319,14,,
404,MH,Maharashtra,MH_Yavatmal,Yavatmal,58420,7579,49770,1067,4,804,793,0,11,,
421,ML,Meghalaya,ML_East Garo Hills,East Garo Hills,387,44,342,1,0,4,4,0,0,,
422,ML,Meghalaya,ML_East Jaintia Hills,East Jaintia Hills,744,104,638,2,0,5,0,5,0,,
423,ML,Meghalaya,ML_East Khasi Hills,East Khasi Hills,12062,1492,10402,168,0,180,28,146,6,,
424,ML,Meghalaya,ML_North Garo Hills,North Garo Hills,148,27,119,2,0,4,4,0,0,,
425,ML,Meghalaya,ML_Ribhoi,Ribhoi,1856,287,1567,2,0,58,47,11,0,,
426,ML,Meghalaya,ML_South Garo Hills,South Garo Hills,248,48,198,2,0,1,1,0,0,,
427,ML,Meghalaya,ML_South West Garo Hills,South West Garo Hills,243,42,199,2,0,9,9,0,0,,
428,ML,Meghalaya,ML_South West Khasi Hills,South West Khasi Hills,96,24,72,0,0,1,1,0,0,,
429,ML,Meghalaya,ML_West Garo Hills,West Garo Hills,1987,187,1782,18,0,22,15,7,0,,
430,ML,Meghalaya,ML_West Jaintia Hills,West Jaintia Hills,834,106,727,1,0,8,4,4,0,,
431,ML,Meghalaya,ML_West Khasi Hills,West Khasi Hills,322,105,216,1,0,5,2,3,0,,
0,MN,Manipur,MN_CAPF Personnel,CAPF Personnel,2840,1400,1438,2,0,24,24,0,0,,
405,MN,Manipur,MN_Bishnupur,Bishnupur,1616,1531,58,27,0,33,33,0,0,,
406,MN,Manipur,MN_Chandel,Chandel,432,419,4,9,0,7,7,0,0,,
407,MN,Manipur,MN_Churachandpur,Churachandpur,1767,1677,58,32,0,34,34,0,0,,
408,MN,Manipur,MN_Imphal East,Imphal East,6887,6646,150,91,0,166,165,0,1,,
409,MN,Manipur,MN_Imphal West,Imphal West,10754,10577,52,125,0,208,208,0,0,,
410,MN,Manipur,MN_Jiribam,Jiribam,283,281,2,0,0,0,0,0,0,,
411,MN,Manipur,MN_Kakching,Kakching,1085,1046,27,12,0,18,17,0,1,,
412,MN,Manipur,MN_Kamjong,Kamjong,260,243,17,0,0,2,2,0,0,,
413,MN,Manipur,MN_Kangpokpi,Kangpokpi,703,672,19,12,0,3,3,0,0,,
414,MN,Manipur,MN_Noney,Noney,352,333,18,1,0,6,6,0,0,,
415,MN,Manipur,MN_Pherzawl,Pherzawl,37,22,15,0,0,0,0,0,0,,
416,MN,Manipur,MN_Senapati,Senapati,604,582,21,1,0,17,17,0,0,,
417,MN,Manipur,MN_Tamenglong,Tamenglong,1445,1407,32,6,0,19,19,0,0,,
418,MN,Manipur,MN_Tengnoupal,Tengnoupal,301,287,13,1,0,1,1,0,0,,
419,MN,Manipur,MN_Thoubal,Thoubal,2530,2462,23,45,0,40,40,0,0,,
420,MN,Manipur,MN_Ukhrul,Ukhrul,641,620,18,3,0,22,22,0,0,,
317,MP,Madhya Pradesh,MP_Agar Malwa,Agar Malwa,2660,549,2086,25,0,30,30,0,0,,
318,MP,Madhya Pradesh,MP_Alirajpur,Alirajpur,3243,356,2851,36,0,35,-5,39,1,,
319,MP,Madhya Pradesh,MP_Anuppur,Anuppur,6876,1159,5659,58,0,174,154,18,2,,
320,MP,Madhya Pradesh,MP_Ashoknagar,Ashoknagar,3186,579,2586,21,0,47,-96,143,0,,
321,MP,Madhya Pradesh,MP_Balaghat,Balaghat,7452,818,6590,44,0,169,49,118,2,,
322,MP,Madhya Pradesh,MP_Barwani,Barwani,7644,966,6621,57,0,112,111,0,1,,
323,MP,Madhya Pradesh,MP_Betul,Betul,10681,2132,8409,140,0,157,94,62,1,,
324,MP,Madhya Pradesh,MP_Bhind,Bhind,2588,259,2316,13,0,37,17,18,2,,
325,MP,Madhya Pradesh,MP_Bhopal,Bhopal,101215,12117,88317,781,0,1576,1288,283,5,,
326,MP,Madhya Pradesh,MP_Burhanpur,Burhanpur,2289,204,2050,35,0,34,32,2,0,,
327,MP,Madhya Pradesh,MP_Chhatarpur,Chhatarpur,6651,596,5986,69,0,94,87,5,2,,
328,MP,Madhya Pradesh,MP_Chhindwara,Chhindwara,6080,348,5625,107,0,36,-26,60,2,,
329,MP,Madhya Pradesh,MP_Damoh,Damoh,6057,1192,4750,115,0,136,86,50,0,,
330,MP,Madhya Pradesh,MP_Datia,Datia,5884,1387,4435,62,0,116,-77,193,0,,
331,MP,Madhya Pradesh,MP_Dewas,Dewas,6436,422,5973,41,0,95,-31,126,0,,
332,MP,Madhya Pradesh,MP_Dhar,Dhar,10455,1636,8705,114,0,231,153,76,2,,
333,MP,Madhya Pradesh,MP_Dindori,Dindori,3536,582,2937,17,0,99,29,69,1,,
335,MP,Madhya Pradesh,MP_Guna,Guna,4461,872,3546,43,0,70,63,7,0,,
336,MP,Madhya Pradesh,MP_Gwalior,Gwalior,45669,9177,36077,415,0,910,411,491,8,,
337,MP,Madhya Pradesh,MP_Harda,Harda,4277,490,3743,44,0,109,102,6,1,,
338,MP,Madhya Pradesh,MP_Hoshangabad,Hoshangabad,8825,1436,7298,91,0,169,117,50,2,,
339,MP,Madhya Pradesh,MP_Indore,Indore,123447,13546,108711,1190,0,1753,1529,218,6,,
340,MP,Madhya Pradesh,MP_Jabalpur,Jabalpur,41682,4927,36288,467,0,795,-18,807,6,,
341,MP,Madhya Pradesh,MP_Jhabua,Jhabua,7162,913,6206,43,0,83,19,63,1,,
342,MP,Madhya Pradesh,MP_Katni,Katni,8119,1201,6865,53,0,137,101,32,4,,
334,MP,Madhya Pradesh,MP_Khandwa,Khandwa,3813,261,3466,86,0,24,22,2,0,,
368,MP,Madhya Pradesh,MP_Khargone,Khargone,11936,1182,10574,180,0,148,127,18,3,,
343,MP,Madhya Pradesh,MP_Mandla,Mandla,4409,627,3766,16,0,85,84,1,0,,
344,MP,Madhya Pradesh,MP_Mandsaur,Mandsaur,6880,1376,5445,59,0,153,115,38,0,,
345,MP,Madhya Pradesh,MP_Morena,Morena,7076,1140,5881,55,0,112,72,39,1,,
346,MP,Madhya Pradesh,MP_Narsinghpur,Narsinghpur,9233,1194,7983,56,0,239,211,27,1,,
347,MP,Madhya Pradesh,MP_Neemuch,Neemuch,6766,1135,5547,84,0,101,39,62,0,,
348,MP,Madhya Pradesh,MP_Niwari,Niwari,3106,954,2135,17,0,53,-38,91,0,,
0,MP,Madhya Pradesh,MP_Other Region,Other Region,0,0,0,0,0,0,0,0,0,,
349,MP,Madhya Pradesh,MP_Panna,Panna,5844,947,4871,26,0,139,-62,200,1,,
350,MP,Madhya Pradesh,MP_Raisen,Raisen,7365,1605,5649,111,0,145,35,105,5,,
351,MP,Madhya Pradesh,MP_Rajgarh,Rajgarh,6968,1259,5599,110,0,170,164,6,0,,
352,MP,Madhya Pradesh,MP_Ratlam,Ratlam,13258,2348,10691,219,0,380,326,50,4,,
353,MP,Madhya Pradesh,MP_Rewa,Rewa,12750,2557,10134,59,0,309,225,84,0,,
354,MP,Madhya Pradesh,MP_Sagar,Sagar,13039,2070,10787,182,0,231,13,214,4,,
355,MP,Madhya Pradesh,MP_Satna,Satna,9906,1997,7831,78,0,242,142,98,2,,
356,MP,Madhya Pradesh,MP_Sehore,Sehore,8106,1386,6671,49,0,206,185,21,0,,
357,MP,Madhya Pradesh,MP_Seoni,Seoni,5726,873,4831,22,0,79,58,21,0,,
358,MP,Madhya Pradesh,MP_Shahdol,Shahdol,8140,1388,6651,101,0,176,103,70,3,,
359,MP,Madhya Pradesh,MP_Shajapur,Shajapur,5387,804,4544,39,0,50,40,8,2,,
360,MP,Madhya Pradesh,MP_Sheopur,Sheopur,3210,611,2560,39,0,67,61,4,2,,
361,MP,Madhya Pradesh,MP_Shivpuri,Shivpuri,9647,2297,7295,55,0,298,64,234,0,,
362,MP,Madhya Pradesh,MP_Sidhi,Sidhi,6785,1224,5521,40,0,148,134,11,3,,
363,MP,Madhya Pradesh,MP_Singrauli,Singrauli,7102,2116,4927,59,0,204,193,10,1,,
364,MP,Madhya Pradesh,MP_Tikamgarh,Tikamgarh,6145,1042,5026,77,0,83,81,0,2,,
365,MP,Madhya Pradesh,MP_Ujjain,Ujjain,14870,2921,11794,155,0,370,21,349,0,,
366,MP,Madhya Pradesh,MP_Umaria,Umaria,4820,1103,3669,48,0,114,110,3,1,,
367,MP,Madhya Pradesh,MP_Vidisha,Vidisha,10252,1142,8969,141,0,178,65,113,0,,
432,MZ,Mizoram,MZ_Aizawl,Aizawl,4856,1202,3638,16,0,145,101,44,0,,
433,MZ,Mizoram,MZ_Champhai,Champhai,127,11,116,0,0,0,0,0,0,,
729,MZ,Mizoram,MZ_Hnahthial,Hnahthial,24,0,24,0,0,0,0,0,0,,
730,MZ,Mizoram,MZ_Khawzawl,Khawzawl,30,7,23,0,0,0,0,0,0,,
434,MZ,Mizoram,MZ_Kolasib,Kolasib,410,71,339,0,0,9,8,1,0,,
435,MZ,Mizoram,MZ_Lawngtlai,Lawngtlai,495,62,433,0,0,11,8,3,0,,
436,MZ,Mizoram,MZ_Lunglei,Lunglei,530,72,458,0,0,10,8,2,0,,
437,MZ,Mizoram,MZ_Mamit,Mamit,177,80,97,0,0,2,2,0,0,,
438,MZ,Mizoram,MZ_Saiha,Saiha,77,36,41,0,0,0,-1,1,0,,
728,MZ,Mizoram,MZ_Saitual,Saitual,57,22,35,0,0,1,1,0,0,,
439,MZ,Mizoram,MZ_Serchhip,Serchhip,364,108,255,1,0,5,-52,57,0,,
0,NL,Nagaland,NL_Others,Others,0,0,0,0,0,0,0,0,0,,
440,NL,Nagaland,NL_Dimapur,Dimapur,8702,1633,6611,84,374,200,98,102,0,,
441,NL,Nagaland,NL_Kiphire,Kiphire,45,4,40,1,0,0,0,0,0,,
442,NL,Nagaland,NL_Kohima,Kohima,4796,615,4084,25,72,63,53,9,1,,
443,NL,Nagaland,NL_Longleng,Longleng,37,15,13,0,9,0,0,0,0,,
444,NL,Nagaland,NL_Mokokchung,Mokokchung,257,45,194,5,13,9,9,0,0,,
445,NL,Nagaland,NL_Mon,Mon,670,63,595,3,9,32,32,0,0,,
446,NL,Nagaland,NL_Peren,Peren,516,7,508,0,1,0,-1,1,0,,
447,NL,Nagaland,NL_Phek,Phek,69,7,61,1,0,3,3,0,0,,
448,NL,Nagaland,NL_Tuensang,Tuensang,292,29,259,2,2,0,0,0,0,,
449,NL,Nagaland,NL_Wokha,Wokha,43,4,36,1,2,0,0,0,0,,
450,NL,Nagaland,NL_Zunheboto,Zunheboto,153,11,139,0,3,2,2,0,0,,
0,OR,Odisha,OR_State Pool,State Pool,13977,2464,11513,0,0,357,19,338,0,,
0,OR,Odisha,OR_Others,Others,0,0,0,0,0,0,0,0,0,,
451,OR,Odisha,OR_Angul,Angul,17524,3369,14116,39,0,480,157,322,1,,
452,OR,Odisha,OR_Balangir,Balangir,14945,2311,12583,51,0,260,25,234,1,,
453,OR,Odisha,OR_Balasore,Balasore,15942,1642,14195,105,0,437,237,200,0,,
454,OR,Odisha,OR_Bargarh,Bargarh,18752,3990,14718,44,0,475,205,270,0,,
456,OR,Odisha,OR_Bhadrak,Bhadrak,10158,1554,8571,33,0,381,314,67,0,,
455,OR,Odisha,OR_Boudh,Boudh,4378,1342,3020,16,0,128,108,20,0,,
457,OR,Odisha,OR_Cuttack,Cuttack,40326,6136,34038,152,0,916,434,481,1,,
458,OR,Odisha,OR_Deogarh,Deogarh,2730,557,2165,8,0,60,-37,96,1,,
459,OR,Odisha,OR_Dhenkanal,Dhenkanal,6744,697,6018,29,0,142,117,25,0,,
460,OR,Odisha,OR_Gajapati,Gajapati,6072,823,5212,37,0,91,-67,157,1,,
461,OR,Odisha,OR_Ganjam,Ganjam,25925,1446,24209,270,0,312,88,222,2,,
462,OR,Odisha,OR_Jagatsinghpur,Jagatsinghpur,11340,1152,10149,39,0,168,59,109,0,,
463,OR,Odisha,OR_Jajpur,Jajpur,17133,2409,14697,27,0,318,78,240,0,,
464,OR,Odisha,OR_Jharsuguda,Jharsuguda,15360,2717,12613,30,0,306,-38,343,1,,
465,OR,Odisha,OR_Kalahandi,Kalahandi,14310,3083,11179,48,0,580,456,123,1,,
466,OR,Odisha,OR_Kandhamal,Kandhamal,6949,524,6390,35,0,69,16,53,0,,
467,OR,Odisha,OR_Kendrapara,Kendrapara,10771,812,9929,30,0,192,107,85,0,,
468,OR,Odisha,OR_Kendujhar,Kendujhar,11662,808,10807,47,0,179,-55,234,0,,
469,OR,Odisha,OR_Khordha,Khordha,80639,12477,67770,392,0,1828,-1,1825,4,,
470,OR,Odisha,OR_Koraput,Koraput,9734,1058,8656,20,0,130,54,76,0,,
471,OR,Odisha,OR_Malkangiri,Malkangiri,5968,457,5481,30,0,60,34,26,0,,
472,OR,Odisha,OR_Mayurbhanj,Mayurbhanj,18597,1778,16725,94,0,257,-51,308,0,,
473,OR,Odisha,OR_Nabarangapur,Nabarangapur,12170,2792,9361,17,0,282,-64,346,0,,
474,OR,Odisha,OR_Nayagarh,Nayagarh,9356,1704,7604,48,0,194,74,120,0,,
475,OR,Odisha,OR_Nuapada,Nuapada,17443,2079,15329,35,0,290,-7,297,0,,
476,OR,Odisha,OR_Puri,Puri,21657,3407,18117,133,0,369,80,287,2,,
477,OR,Odisha,OR_Rayagada,Rayagada,11321,1231,10020,70,0,201,54,147,0,,
478,OR,Odisha,OR_Sambalpur,Sambalpur,17939,3972,13884,83,0,544,237,307,0,,
479,OR,Odisha,OR_Subarnapur,Subarnapur,6850,1084,5744,22,0,159,47,112,0,,
480,OR,Odisha,OR_Sundargarh,Sundargarh,35728,8674,26845,209,0,2073,1138,931,4,,
485,PB,Punjab,PB_Amritsar,Amritsar,36102,5497,29526,1079,0,502,60,420,22,,
486,PB,Punjab,PB_Barnala,Barnala,4025,491,3419,115,0,87,51,33,3,,
487,PB,Punjab,PB_Bathinda,Bathinda,25888,6202,19219,467,0,1027,610,398,19,,
488,PB,Punjab,PB_Faridkot,Faridkot,8664,1387,7131,146,0,148,-69,213,4,,
489,PB,Punjab,PB_Fatehgarh Sahib,Fatehgarh Sahib,5807,787,4862,158,0,136,69,65,2,,
490,PB,Punjab,PB_Fazilka,Fazilka,9893,2765,6936,192,0,408,219,184,5,,
491,PB,Punjab,PB_Ferozepur,Ferozepur,8704,1497,6957,250,0,306,248,50,8,,
492,PB,Punjab,PB_Gurdaspur,Gurdaspur,16913,1886,14477,550,0,310,303,0,7,,
493,PB,Punjab,PB_Hoshiarpur,Hoshiarpur,22189,2126,19292,771,0,277,74,196,7,,
494,PB,Punjab,PB_Jalandhar,Jalandhar,47882,6666,40072,1144,0,512,502,0,10,,
495,PB,Punjab,PB_Kapurthala,Kapurthala,13221,1041,11822,358,0,109,-40,145,4,,
496,PB,Punjab,PB_Ludhiana,Ludhiana,64043,11212,51322,1509,0,1465,190,1255,20,,
497,PB,Punjab,PB_Mansa,Mansa,8505,2816,5596,93,0,316,92,221,3,,
498,PB,Punjab,PB_Moga,Moga,6135,1441,4556,138,0,81,-57,138,0,,
499,PB,Punjab,PB_Pathankot,Pathankot,12033,2273,9506,254,0,408,192,210,6,,
500,PB,Punjab,PB_Patiala,Patiala,37287,4447,31969,871,0,680,126,541,13,,
501,PB,Punjab,PB_Rupnagar,Rupnagar,9110,1596,7240,274,0,3,3,0,0,,
502,PB,Punjab,PB_S.A.S. Nagar,S.A.S. Nagar,52605,9576,42363,666,0,675,666,0,9,,
503,PB,Punjab,PB_Sangrur,Sangrur,10232,1795,8008,429,0,307,-83,374,16,,
504,PB,Punjab,PB_Shahid Bhagat Singh Nagar,Shahid Bhagat Singh Nagar,9382,725,8406,251,0,79,-26,103,2,,
505,PB,Punjab,PB_Sri Muktsar Sahib,Sri Muktsar Sahib,9959,2847,6915,197,0,384,171,209,4,,
506,PB,Punjab,PB_Tarn Taran,Tarn Taran,6068,651,5185,232,0,77,-145,221,1,,
481,PY,Puducherry,PY_Karaikal,Karaikal,7695,1262,6337,96,0,183,43,140,0,"2 case of TN has been transferred,so has been reduced from the total count.",
482,PY,Puducherry,PY_Mahe,Mahe,3356,376,2966,14,0,50,-2,52,0,"1 case of KL have been transferred,so have been reduced from the total count",
483,PY,Puducherry,PY_Puducherry,Puducherry,53309,10377,42178,754,0,1375,594,764,17,"209 cases(204 of TN, 1 of AP and 4 other) have been transferred,so have been reduced from the total count.[July 18]4 cases have transferred to TN and have been reduced from recovered cases.",
484,PY,Puducherry,PY_Yanam,Yanam,4013,1063,2894,56,0,138,13,123,2,"2 cases of AP have been transferred,so have been reduced from the total count",
507,RJ,Rajasthan,RJ_Ajmer,Ajmer,31246,5146,25791,309,0,450,-187,630,7,,
508,RJ,Rajasthan,RJ_Alwar,Alwar,44090,9563,34367,160,0,805,-325,1123,7,,
509,RJ,Rajasthan,RJ_Banswara,Banswara,7988,1098,6825,65,0,121,-213,332,2,,
510,RJ,Rajasthan,RJ_Baran,Baran,9351,3789,5515,47,0,221,-197,418,0,,
511,RJ,Rajasthan,RJ_Barmer,Barmer,10267,4232,5928,107,0,411,289,120,2,,
512,RJ,Rajasthan,RJ_Bharatpur,Bharatpur,12292,1550,10583,159,0,131,51,77,3,,
513,RJ,Rajasthan,RJ_Bhilwara,Bhilwara,25321,10520,14707,94,0,778,664,110,4,,
514,RJ,Rajasthan,RJ_Bikaner,Bikaner,32791,5406,27101,284,0,621,-281,894,8,,
0,RJ,Rajasthan,RJ_BSF Camp,BSF Camp,85,0,85,0,0,0,0,0,0,,
515,RJ,Rajasthan,RJ_Bundi,Bundi,6189,1970,4192,27,0,128,-18,146,0,,
516,RJ,Rajasthan,RJ_Chittorgarh,Chittorgarh,14132,4588,9467,77,0,511,111,398,2,,
517,RJ,Rajasthan,RJ_Churu,Churu,10757,5421,5278,58,0,611,488,123,0,,
518,RJ,Rajasthan,RJ_Dausa,Dausa,8483,1747,6693,43,0,202,-111,312,1,,
519,RJ,Rajasthan,RJ_Dholpur,Dholpur,9368,2013,7320,35,0,105,-183,288,0,,
520,RJ,Rajasthan,RJ_Dungarpur,Dungarpur,14153,1366,12709,78,0,234,-213,446,1,,
0,RJ,Rajasthan,RJ_Evacuees,Evacuees,61,0,61,0,0,0,0,0,0,,
521,RJ,Rajasthan,RJ_Ganganagar,Ganganagar,13021,4996,7963,62,0,835,813,20,2,,
522,RJ,Rajasthan,RJ_Hanumangarh,Hanumangarh,9988,5299,4671,18,0,201,-432,633,0,,
0,RJ,Rajasthan,RJ_Italians,Italians,2,0,2,0,0,0,0,0,0,,
523,RJ,Rajasthan,RJ_Jaipur,Jaipur,137118,48024,88026,1068,0,4902,1818,3036,48,,
524,RJ,Rajasthan,RJ_Jaisalmer,Jaisalmer,6495,3599,2868,28,0,211,-20,230,1,,
525,RJ,Rajasthan,RJ_Jalore,Jalore,9285,2231,6984,70,0,123,24,99,0,,
526,RJ,Rajasthan,RJ_Jhalawar,Jhalawar,10062,2649,7334,79,0,289,-54,342,1,,
527,RJ,Rajasthan,RJ_Jhunjhunu,Jhunjhunu,8241,2361,5799,81,0,156,97,59,0,,
528,RJ,Rajasthan,RJ_Jodhpur,Jodhpur,93733,25360,67577,796,0,2602,563,2019,20,,
529,RJ,Rajasthan,RJ_Karauli,Karauli,4977,1356,3577,44,0,145,-71,214,2,,
530,RJ,Rajasthan,RJ_Kota,Kota,46111,6473,39315,323,0,503,244,250,9,,
531,RJ,Rajasthan,RJ_Nagaur,Nagaur,14412,1567,12710,135,0,121,-47,165,3,,
0,RJ,Rajasthan,RJ_Other State,Other State,189,0,150,39,0,0,0,0,0,,
532,RJ,Rajasthan,RJ_Pali,Pali,22356,4216,17954,186,0,208,-719,920,7,,
533,RJ,Rajasthan,RJ_Pratapgarh,Pratapgarh,5444,2060,3349,35,0,201,-52,252,1,,
534,RJ,Rajasthan,RJ_Rajsamand,Rajsamand,12601,4706,7808,87,0,405,40,360,5,,
535,RJ,Rajasthan,RJ_Sawai Madhopur,Sawai Madhopur,8381,4978,3362,41,0,202,73,129,0,,
536,RJ,Rajasthan,RJ_Sikar,Sikar,21814,8019,13586,209,0,491,129,356,6,,
537,RJ,Rajasthan,RJ_Sirohi,Sirohi,10632,2679,7897,56,0,203,-218,419,2,,
538,RJ,Rajasthan,RJ_Tonk,Tonk,7159,1557,5545,57,0,102,-55,155,2,,
539,RJ,Rajasthan,RJ_Udaipur,Udaipur,42204,8608,33207,389,0,1002,-871,1855,18,,
540,SK,Sikkim,SK_East Sikkim,East Sikkim,7086,2489,4457,140,0,205,205,0,0,,
541,SK,Sikkim,SK_North Sikkim,North Sikkim,365,292,72,1,0,24,24,0,0,,
542,SK,Sikkim,SK_South Sikkim,South Sikkim,1420,980,438,2,0,14,14,0,0,,
543,SK,Sikkim,SK_West Sikkim,West Sikkim,580,441,137,2,0,25,25,0,0,,
0,TG,Telangana,TG_Foreign Evacuees,Foreign Evacuees,33,33,0,0,0,0,0,0,0,District-wise numbers are out-dated as cumulative counts for each district are not reported in Telangana bulletin,
0,TG,Telangana,TG_Other State,Other State,250,250,0,0,0,0,0,0,0,District-wise numbers are out-dated as cumulative counts for each district are not reported in Telangana bulletin,
576,TG,Telangana,TG_Adilabad,Adilabad,6155,6140,15,0,0,74,74,0,0,District-wise numbers are out-dated as cumulative counts for each district are not reported in Telangana bulletin,
577,TG,Telangana,TG_Bhadradri Kothagudem,Bhadradri Kothagudem,12067,12063,4,0,0,97,97,0,0,District-wise numbers are out-dated as cumulative counts for each district are not reported in Telangana bulletin,
578,TG,Telangana,TG_Hyderabad,Hyderabad,113382,113054,305,23,0,1104,1104,0,0,District-wise numbers are out-dated as cumulative counts for each district are not reported in Telangana bulletin,
579,TG,Telangana,TG_Jagtial,Jagtial,12510,12508,2,0,0,143,143,0,0,District-wise numbers are out-dated as cumulative counts for each district are not reported in Telangana bulletin,
580,TG,Telangana,TG_Jangaon,Jangaon,5615,5614,1,0,0,53,53,0,0,District-wise numbers are out-dated as cumulative counts for each district are not reported in Telangana bulletin,
581,TG,Telangana,TG_Jayashankar Bhupalapally,Jayashankar Bhupalapally,3918,3918,0,0,0,59,59,0,0,District-wise numbers are out-dated as cumulative counts for each district are not reported in Telangana bulletin,
582,TG,Telangana,TG_Jogulamba Gadwal,Jogulamba Gadwal,4942,4916,25,1,0,86,86,0,0,District-wise numbers are out-dated as cumulative counts for each district are not reported in Telangana bulletin,
583,TG,Telangana,TG_Kamareddy,Kamareddy,10337,10329,8,0,0,66,66,0,0,District-wise numbers are out-dated as cumulative counts for each district are not reported in Telangana bulletin,
584,TG,Telangana,TG_Karimnagar,Karimnagar,20230,20214,16,0,0,263,263,0,0,District-wise numbers are out-dated as cumulative counts for each district are not reported in Telangana bulletin,
585,TG,Telangana,TG_Khammam,Khammam,16309,16306,3,0,0,188,188,0,0,District-wise numbers are out-dated as cumulative counts for each district are not reported in Telangana bulletin,
586,TG,Telangana,TG_Komaram Bheem,Komaram Bheem,3342,3340,2,0,0,51,51,0,0,District-wise numbers are out-dated as cumulative counts for each district are not reported in Telangana bulletin,
587,TG,Telangana,TG_Mahabubabad,Mahabubabad,7927,7926,1,0,0,129,129,0,0,District-wise numbers are out-dated as cumulative counts for each district are not reported in Telangana bulletin,
588,TG,Telangana,TG_Mahabubnagar,Mahabubnagar,11415,11407,8,0,0,195,195,0,0,District-wise numbers are out-dated as cumulative counts for each district are not reported in Telangana bulletin,
589,TG,Telangana,TG_Mancherial,Mancherial,10330,10329,0,1,0,143,143,0,0,District-wise numbers are out-dated as cumulative counts for each district are not reported in Telangana bulletin,
590,TG,Telangana,TG_Medak,Medak,6639,6635,4,0,0,99,99,0,0,District-wise numbers are out-dated as cumulative counts for each district are not reported in Telangana bulletin,
591,TG,Telangana,TG_Medchal Malkajgiri,Medchal Malkajgiri,35288,35278,9,1,0,378,378,0,0,District-wise numbers are out-dated as cumulative counts for each district are not reported in Telangana bulletin,
592,TG,Telangana,TG_Mulugu,Mulugu,3988,3986,2,0,0,35,35,0,0,District-wise numbers are out-dated as cumulative counts for each district are not reported in Telangana bulletin,
593,TG,Telangana,TG_Nagarkurnool,Nagarkurnool,8293,8291,2,0,0,204,204,0,0,District-wise numbers are out-dated as cumulative counts for each district are not reported in Telangana bulletin,
594,TG,Telangana,TG_Nalgonda,Nalgonda,19024,19012,12,0,0,323,323,0,0,District-wise numbers are out-dated as cumulative counts for each district are not reported in Telangana bulletin,
595,TG,Telangana,TG_Narayanpet,Narayanpet,2178,2177,0,1,0,58,58,0,0,District-wise numbers are out-dated as cumulative counts for each district are not reported in Telangana bulletin,
596,TG,Telangana,TG_Nirmal,Nirmal,6428,6415,13,0,0,39,39,0,0,District-wise numbers are out-dated as cumulative counts for each district are not reported in Telangana bulletin,
597,TG,Telangana,TG_Nizamabad,Nizamabad,18374,18344,30,0,0,139,139,0,0,District-wise numbers are out-dated as cumulative counts for each district are not reported in Telangana bulletin,
598,TG,Telangana,TG_Peddapalli,Peddapalli,8879,8878,1,0,0,137,137,0,0,District-wise numbers are out-dated as cumulative counts for each district are not reported in Telangana bulletin,
599,TG,Telangana,TG_Rajanna Sircilla,Rajanna Sircilla,8519,8517,2,0,0,97,97,0,0,District-wise numbers are out-dated as cumulative counts for each district are not reported in Telangana bulletin,
600,TG,Telangana,TG_Ranga Reddy,Ranga Reddy,37929,37910,17,2,0,443,443,0,0,District-wise numbers are out-dated as cumulative counts for each district are not reported in Telangana bulletin,
601,TG,Telangana,TG_Sangareddy,Sangareddy,15380,15374,6,0,0,193,193,0,0,District-wise numbers are out-dated as cumulative counts for each district are not reported in Telangana bulletin,
602,TG,Telangana,TG_Siddipet,Siddipet,13559,13558,1,0,0,201,201,0,0,District-wise numbers are out-dated as cumulative counts for each district are not reported in Telangana bulletin,
603,TG,Telangana,TG_Suryapet,Suryapet,11173,11149,24,0,0,89,89,0,0,District-wise numbers are out-dated as cumulative counts for each district are not reported in Telangana bulletin,
604,TG,Telangana,TG_Vikarabad,Vikarabad,6834,6818,15,1,0,148,148,0,0,District-wise numbers are out-dated as cumulative counts for each district are not reported in Telangana bulletin,
605,TG,Telangana,TG_Wanaparthy,Wanaparthy,6382,6382,0,0,0,113,113,0,0,District-wise numbers are out-dated as cumulative counts for each district are not reported in Telangana bulletin,
606,TG,Telangana,TG_Warangal Rural,Warangal Rural,6643,6643,0,0,0,100,100,0,0,District-wise numbers are out-dated as cumulative counts for each district are not reported in Telangana bulletin,
607,TG,Telangana,TG_Warangal Urban,Warangal Urban,18658,18635,23,0,0,321,321,0,0,District-wise numbers are out-dated as cumulative counts for each district are not reported in Telangana bulletin,
608,TG,Telangana,TG_Yadadri Bhuvanagiri,Yadadri Bhuvanagiri,7662,7662,0,0,0,124,124,0,0,District-wise numbers are out-dated as cumulative counts for each district are not reported in Telangana bulletin,
0,TN,Tamil Nadu,TN_Railway Quarantine,Railway Quarantine,428,0,428,0,0,0,0,0,0,,
0,TN,Tamil Nadu,TN_Airport Quarantine,Airport Quarantine,2079,8,2069,2,0,0,0,0,0,,
0,TN,Tamil Nadu,TN_Other State,Other State,0,-3,0,3,0,0,0,0,0,,
544,TN,Tamil Nadu,TN_Ariyalur,Ariyalur,6095,466,5576,53,0,112,37,75,0,,
732,TN,Tamil Nadu,TN_Chengalpattu,Chengalpattu,92476,12134,79320,1022,0,2212,960,1243,9,,
545,TN,Tamil Nadu,TN_Chennai,Chennai,377042,33071,338893,5078,0,6446,-248,6634,60,[July 22]: 444 backdated deceased entries added to Chennai in TN bulletin.,
546,TN,Tamil Nadu,TN_Coimbatore,Coimbatore,90454,10460,79248,746,0,2112,615,1491,6,,
547,TN,Tamil Nadu,TN_Cuddalore,Cuddalore,32662,2207,30107,348,0,464,116,343,5,,
548,TN,Tamil Nadu,TN_Dharmapuri,Dharmapuri,10943,1384,9488,71,0,245,6,238,1,,
549,TN,Tamil Nadu,TN_Dindigul,Dindigul,17547,1715,15608,224,0,330,38,289,3,,
550,TN,Tamil Nadu,TN_Erode,Erode,25240,3615,21454,171,0,641,194,444,3,,
734,TN,Tamil Nadu,TN_Kallakurichi,Kallakurichi,13547,829,12602,116,0,204,89,114,1,,
551,TN,Tamil Nadu,TN_Kancheepuram,Kancheepuram,42519,3904,38017,598,0,851,505,337,9,,
552,TN,Tamil Nadu,TN_Kanyakumari,Kanyakumari,24547,2527,21672,348,0,436,192,238,6,,
553,TN,Tamil Nadu,TN_Karur,Karur,9219,1635,7517,67,0,247,68,178,1,,
554,TN,Tamil Nadu,TN_Krishnagiri,Krishnagiri,17434,2451,14843,140,0,509,16,491,2,,
555,TN,Tamil Nadu,TN_Madurai,Madurai,36716,5403,30741,572,0,1078,270,794,14,,
556,TN,Tamil Nadu,TN_Nagapattinam,Nagapattinam,15556,1847,13526,183,0,374,108,263,3,,
557,TN,Tamil Nadu,TN_Namakkal,Namakkal,18299,2199,15968,132,0,361,8,351,2,,
564,TN,Tamil Nadu,TN_Nilgiris,Nilgiris,10633,733,9849,51,0,161,93,68,0,,
558,TN,Tamil Nadu,TN_Perambalur,Perambalur,3057,371,2656,30,0,101,49,51,1,,
559,TN,Tamil Nadu,TN_Pudukkottai,Pudukkottai,14751,1000,13584,167,0,168,37,130,1,,
560,TN,Tamil Nadu,TN_Ramanathapuram,Ramanathapuram,9768,1328,8294,146,0,233,41,192,0,,
733,TN,Tamil Nadu,TN_Ranipet,Ranipet,23405,2419,20746,240,0,452,18,429,5,,
561,TN,Tamil Nadu,TN_Salem,Salem,45709,3771,41354,584,0,653,-108,752,9,,
562,TN,Tamil Nadu,TN_Sivaganga,Sivaganga,9441,820,8485,136,0,107,-19,126,0,,
731,TN,Tamil Nadu,TN_Tenkasi,Tenkasi,13340,1281,11863,196,0,314,101,208,5,,
563,TN,Tamil Nadu,TN_Thanjavur,Thanjavur,27890,2044,25521,325,0,334,-72,404,2,,
565,TN,Tamil Nadu,TN_Theni,Theni,22713,2428,20055,230,0,482,138,339,5,,
566,TN,Tamil Nadu,TN_Thiruvallur,Thiruvallur,68121,7174,60084,863,0,1477,216,1246,15,,
567,TN,Tamil Nadu,TN_Thiruvarur,Thiruvarur,16750,1498,15123,129,0,337,112,224,1,,
568,TN,Tamil Nadu,TN_Thoothukkudi,Thoothukkudi,28200,4388,23651,161,0,855,-5,860,0,,
569,TN,Tamil Nadu,TN_Tiruchirappalli,Tiruchirappalli,27740,4010,23484,246,0,812,209,597,6,,
570,TN,Tamil Nadu,TN_Tirunelveli,Tirunelveli,29181,3495,25426,260,0,683,-297,976,4,,
735,TN,Tamil Nadu,TN_Tirupathur,Tirupathur,11158,1015,9980,163,0,269,80,184,5,,
571,TN,Tamil Nadu,TN_Tiruppur,Tiruppur,29865,2822,26794,249,0,554,-104,656,2,,
572,TN,Tamil Nadu,TN_Tiruvannamalai,Tiruvannamalai,25603,1504,23782,317,0,437,211,222,4,,
573,TN,Tamil Nadu,TN_Vellore,Vellore,30333,2990,26926,417,0,595,78,517,0,,
574,TN,Tamil Nadu,TN_Viluppuram,Viluppuram,21703,2747,18822,134,0,537,156,379,2,,
575,TN,Tamil Nadu,TN_Virudhunagar,Virudhunagar,21801,1665,19883,253,0,282,-21,298,5,,
609,TR,Tripura,TR_Dhalai,Dhalai,3638,117,3502,18,1,10,6,4,0,,
610,TR,Tripura,TR_Gomati,Gomati,4047,81,3920,45,1,7,0,7,0,,
611,TR,Tripura,TR_Khowai,Khowai,1920,55,1834,31,0,15,7,8,0,,
612,TR,Tripura,TR_North Tripura,North Tripura,3041,231,2786,17,7,30,23,7,0,,
613,TR,Tripura,TR_Sipahijala,Sipahijala,3010,96,2874,40,0,12,11,1,0,,
614,TR,Tripura,TR_South Tripura,South Tripura,4269,149,4093,24,3,40,34,6,0,,
615,TR,Tripura,TR_Unokoti,Unokoti,2946,148,2774,24,0,12,7,5,0,,
616,TR,Tripura,TR_West Tripura,West Tripura,13975,1450,12312,202,11,189,77,111,1,,
617,UP,Uttar Pradesh,UP_Agra,Agra,23011,2427,20318,266,0,144,-355,495,4,,
618,UP,Uttar Pradesh,UP_Aligarh,Aligarh,17917,3391,14448,78,0,339,21,318,0,,
619,UP,Uttar Pradesh,UP_Ambedkar Nagar,Ambedkar Nagar,3735,512,3130,93,0,37,-178,210,5,,
620,UP,Uttar Pradesh,UP_Amethi,Amethi,7904,1327,6488,89,0,202,97,104,1,,
621,UP,Uttar Pradesh,UP_Amroha,Amroha,13317,4644,8575,98,0,657,234,419,4,,
622,UP,Uttar Pradesh,UP_Auraiya,Auraiya,8515,1252,7145,118,0,151,-25,167,9,,
765,UP,Uttar Pradesh,UP_Ayodhya,Ayodhya,14305,1908,12242,155,0,337,44,293,0,,
623,UP,Uttar Pradesh,UP_Azamgarh,Azamgarh,15806,4385,11302,119,0,578,228,350,0,,
624,UP,Uttar Pradesh,UP_Baghpat,Baghpat,5897,1988,3824,85,0,193,45,139,9,,
625,UP,Uttar Pradesh,UP_Bahraich,Bahraich,9358,1680,7582,96,0,247,2,241,4,,
626,UP,Uttar Pradesh,UP_Ballia,Ballia,18651,3239,15226,186,0,329,-58,384,3,,
627,UP,Uttar Pradesh,UP_Balrampur,Balrampur,5809,1185,4541,83,0,141,54,85,2,,
628,UP,Uttar Pradesh,UP_Banda,Banda,10027,1619,8285,123,0,365,43,320,2,,
629,UP,Uttar Pradesh,UP_Barabanki,Barabanki,16932,2615,14162,155,0,198,-149,342,5,,
630,UP,Uttar Pradesh,UP_Bareilly,Bareilly,37095,7158,29711,226,0,937,-125,1057,5,,
631,UP,Uttar Pradesh,UP_Basti,Basti,9681,1512,7976,193,0,201,-101,298,4,,
632,UP,Uttar Pradesh,UP_Bhadohi,Bhadohi,6723,1096,5552,75,0,103,-120,214,9,,
633,UP,Uttar Pradesh,UP_Bijnor,Bijnor,11500,2262,9159,79,0,400,53,346,1,,
634,UP,Uttar Pradesh,UP_Budaun,Budaun,12132,3558,8495,79,0,537,142,395,0,,
635,UP,Uttar Pradesh,UP_Bulandshahr,Bulandshahr,13598,2534,10934,130,0,379,-149,524,4,,
636,UP,Uttar Pradesh,UP_Chandauli,Chandauli,14558,2707,11633,218,0,168,-195,353,10,,
637,UP,Uttar Pradesh,UP_Chitrakoot,Chitrakoot,6299,1223,5018,58,0,243,-16,256,3,,
638,UP,Uttar Pradesh,UP_Deoria,Deoria,15069,3126,11802,141,0,579,464,112,3,,
639,UP,Uttar Pradesh,UP_Etah,Etah,8179,2075,6050,54,0,165,-4,169,0,,
640,UP,Uttar Pradesh,UP_Etawah,Etawah,12190,1819,10158,213,0,190,-85,274,1,,
642,UP,Uttar Pradesh,UP_Farrukhabad,Farrukhabad,8400,865,7406,129,0,141,16,124,1,,
643,UP,Uttar Pradesh,UP_Fatehpur,Fatehpur,6435,849,5471,115,0,32,-149,181,0,,
644,UP,Uttar Pradesh,UP_Firozabad,Firozabad,7412,888,6430,94,0,118,-15,133,0,,
645,UP,Uttar Pradesh,UP_Gautam Buddha Nagar,Gautam Buddha Nagar,51767,8695,42776,296,0,1287,170,1105,12,,
646,UP,Uttar Pradesh,UP_Ghaziabad,Ghaziabad,46711,6707,39695,309,0,685,-208,887,6,,
647,UP,Uttar Pradesh,UP_Ghazipur,Ghazipur,17950,3389,14415,146,0,489,-306,777,18,,
648,UP,Uttar Pradesh,UP_Gonda,Gonda,10435,1614,8689,132,0,237,9,225,3,,
649,UP,Uttar Pradesh,UP_Gorakhpur,Gorakhpur,47818,8694,38620,504,0,836,-460,1281,15,,
650,UP,Uttar Pradesh,UP_Hamirpur,Hamirpur,4820,1247,3509,64,0,81,-66,145,2,,
651,UP,Uttar Pradesh,UP_Hapur,Hapur,8946,2234,6571,141,0,249,2,217,30,,
652,UP,Uttar Pradesh,UP_Hardoi,Hardoi,12229,2245,9770,214,0,230,86,128,16,,
653,UP,Uttar Pradesh,UP_Hathras,Hathras,2238,522,1699,17,0,48,-5,50,3,,
654,UP,Uttar Pradesh,UP_Jalaun,Jalaun,9441,1986,7311,144,0,549,262,283,4,,
655,UP,Uttar Pradesh,UP_Jaunpur,Jaunpur,18833,3754,14902,177,0,238,-47,282,3,,
656,UP,Uttar Pradesh,UP_Jhansi,Jhansi,32150,6981,24806,363,0,685,-232,907,10,,
657,UP,Uttar Pradesh,UP_Kannauj,Kannauj,8327,1784,6454,89,0,63,-320,382,1,,
658,UP,Uttar Pradesh,UP_Kanpur Dehat,Kanpur Dehat,5594,1077,4458,59,0,36,-51,86,1,,
659,UP,Uttar Pradesh,UP_Kanpur Nagar,Kanpur Nagar,77522,10774,65347,1401,0,777,-901,1647,31,,
660,UP,Uttar Pradesh,UP_Kasganj,Kasganj,3508,618,2859,31,0,139,69,70,0,,
661,UP,Uttar Pradesh,UP_Kaushambi,Kaushambi,4199,411,3735,53,0,14,-69,80,3,,
663,UP,Uttar Pradesh,UP_Kushinagar,Kushinagar,10727,2169,8472,86,0,310,-300,610,0,,
662,UP,Uttar Pradesh,UP_Lakhimpur Kheri,Lakhimpur Kheri,20189,3506,16528,155,0,329,-261,583,7,,
664,UP,Uttar Pradesh,UP_Lalitpur,Lalitpur,11476,2439,8950,87,0,280,-159,435,4,,
665,UP,Uttar Pradesh,UP_Lucknow,Lucknow,223657,28035,193594,2028,0,1979,-1792,3746,25,,
667,UP,Uttar Pradesh,UP_Maharajganj,Maharajganj,9154,1054,7993,107,0,131,-36,166,1,,
666,UP,Uttar Pradesh,UP_Mahoba,Mahoba,3874,990,2847,37,0,112,-27,136,3,,
668,UP,Uttar Pradesh,UP_Mainpuri,Mainpuri,8574,1912,6564,98,0,153,-143,294,2,,
669,UP,Uttar Pradesh,UP_Mathura,Mathura,16540,3202,13153,185,0,232,-236,463,5,,
670,UP,Uttar Pradesh,UP_Mau,Mau,7154,1214,5895,45,0,56,-77,133,0,,
671,UP,Uttar Pradesh,UP_Meerut,Meerut,53030,12632,39839,559,0,1817,460,1345,12,,
672,UP,Uttar Pradesh,UP_Mirzapur,Mirzapur,9861,1558,8230,73,0,135,4,130,1,,
673,UP,Uttar Pradesh,UP_Moradabad,Moradabad,32822,8410,24168,244,0,936,-33,969,0,,
674,UP,Uttar Pradesh,UP_Muzaffarnagar,Muzaffarnagar,22167,4664,17306,197,0,380,0,376,4,,
675,UP,Uttar Pradesh,UP_Pilibhit,Pilibhit,8098,1802,6170,126,0,521,291,223,7,,
676,UP,Uttar Pradesh,UP_Pratapgarh,Pratapgarh,13441,3300,10030,111,0,427,90,334,3,,
677,UP,Uttar Pradesh,UP_Prayagraj,Prayagraj,74395,7846,65803,746,0,563,-569,1121,11,,
678,UP,Uttar Pradesh,UP_Rae Bareli,Rae Bareli,14957,2549,12192,216,0,182,-168,345,5,,
679,UP,Uttar Pradesh,UP_Rampur,Rampur,10222,1768,8368,86,0,370,143,226,1,,
680,UP,Uttar Pradesh,UP_Saharanpur,Saharanpur,22956,6538,16212,206,0,1122,645,472,5,,
681,UP,Uttar Pradesh,UP_Sambhal,Sambhal,7970,1986,5915,69,0,287,82,205,0,,
682,UP,Uttar Pradesh,UP_Sant Kabir Nagar,Sant Kabir Nagar,6688,1059,5564,65,0,97,-67,164,0,,
683,UP,Uttar Pradesh,UP_Shahjahanpur,Shahjahanpur,16119,4031,11873,215,0,131,-307,431,7,,
684,UP,Uttar Pradesh,UP_Shamli,Shamli,9167,2250,6882,35,0,255,89,166,0,,
685,UP,Uttar Pradesh,UP_Shrawasti,Shrawasti,3549,895,2623,31,0,126,47,78,1,,
686,UP,Uttar Pradesh,UP_Siddharthnagar,Siddharthnagar,7513,1619,5825,69,0,134,42,91,1,,
687,UP,Uttar Pradesh,UP_Sitapur,Sitapur,10301,1528,8646,127,0,199,-30,228,1,,
688,UP,Uttar Pradesh,UP_Sonbhadra,Sonbhadra,14382,2904,11306,172,0,362,-117,468,11,,
689,UP,Uttar Pradesh,UP_Sultanpur,Sultanpur,13211,1930,11176,105,0,162,-238,400,0,,
690,UP,Uttar Pradesh,UP_Unnao,Unnao,13071,2533,10377,161,0,312,-89,400,1,,
691,UP,Uttar Pradesh,UP_Varanasi,Varanasi,75471,11219,63508,744,0,909,-622,1524,7,,
692,UT,Uttarakhand,UT_Almora,Almora,6668,1792,4310,40,526,365,26,339,0,,
693,UT,Uttarakhand,UT_Bageshwar,Bageshwar,3159,1318,1796,20,25,117,117,0,0,,
694,UT,Uttarakhand,UT_Chamoli,Chamoli,6663,2356,4116,21,170,314,305,9,0,,
695,UT,Uttarakhand,UT_Champawat,Champawat,4784,2097,2546,22,119,214,214,0,0,,
696,UT,Uttarakhand,UT_Dehradun,Dehradun,81590,25183,53983,1957,467,3979,2652,1247,80,,
697,UT,Uttarakhand,UT_Haridwar,Haridwar,37403,11058,25252,294,799,768,190,577,1,,
698,UT,Uttarakhand,UT_Nainital,Nainital,28208,7450,20099,532,127,1342,482,833,27,,
699,UT,Uttarakhand,UT_Pauri Garhwal,Pauri Garhwal,11043,4016,6353,156,518,196,34,155,7,,
700,UT,Uttarakhand,UT_Pithoragarh,Pithoragarh,5365,1354,3933,66,12,111,-81,190,2,,
701,UT,Uttarakhand,UT_Rudraprayag,Rudraprayag,4106,1235,2757,36,78,94,88,6,0,,
702,UT,Uttarakhand,UT_Tehri Garhwal,Tehri Garhwal,8927,2921,5114,33,859,325,222,100,3,,
703,UT,Uttarakhand,UT_Udham Singh Nagar,Udham Singh Nagar,25114,5228,18893,224,769,1286,342,931,13,,
704,UT,Uttarakhand,UT_Uttarkashi,Uttarkashi,6963,1683,4980,29,271,531,271,256,4,,
705,WB,West Bengal,WB_Alipurduar,Alipurduar,8878,561,8227,90,0,67,3,64,0,,
706,WB,West Bengal,WB_Bankura,Bankura,18111,2623,15369,119,0,387,39,348,0,,
707,WB,West Bengal,WB_Birbhum,Birbhum,27317,4670,22492,155,0,827,38,784,5,,
708,WB,West Bengal,WB_Cooch Behar,Cooch Behar,15093,1300,13718,75,0,272,81,191,0,,
709,WB,West Bengal,WB_Dakshin Dinajpur,Dakshin Dinajpur,11094,1322,9678,94,0,301,126,169,6,,
710,WB,West Bengal,WB_Darjeeling,Darjeeling,27566,3664,23650,252,0,641,139,498,4,,
711,WB,West Bengal,WB_Hooghly,Hooghly,47990,6290,41117,583,0,992,112,877,3,,
712,WB,West Bengal,WB_Howrah,Howrah,57904,7297,49451,1156,0,934,-18,948,4,,
713,WB,West Bengal,WB_Jalpaiguri,Jalpaiguri,19594,1855,17524,215,0,389,179,205,5,,
714,WB,West Bengal,WB_Jhargram,Jhargram,4396,651,3722,23,0,124,21,103,0,,
715,WB,West Bengal,WB_Kalimpong,Kalimpong,3042,358,2655,29,0,25,-18,43,0,,
716,WB,West Bengal,WB_Kolkata,Kolkata,218956,26173,189167,3616,0,3915,-96,3983,28,,
717,WB,West Bengal,WB_Malda,Malda,25301,3456,21670,175,0,459,-156,609,6,,
719,WB,West Bengal,WB_Murshidabad,Murshidabad,23730,2728,20821,181,0,406,-232,638,0,,
720,WB,West Bengal,WB_Nadia,Nadia,37697,6253,31091,353,0,895,180,713,2,,
721,WB,West Bengal,WB_North 24 Parganas,North 24 Parganas,205356,23511,178875,2970,0,3957,-45,3969,33,,
0,WB,West Bengal,WB_Other State,Other State,66,0,63,3,0,0,0,0,0,,
722,WB,West Bengal,WB_Paschim Bardhaman,Paschim Bardhaman,35397,6902,28281,214,0,892,29,861,2,,
718,WB,West Bengal,WB_Paschim Medinipur,Paschim Medinipur,25637,2329,22966,342,0,653,326,324,3,,
723,WB,West Bengal,WB_Purba Bardhaman,Purba Bardhaman,23158,4458,18586,114,0,802,382,419,1,,
724,WB,West Bengal,WB_Purba Medinipur,Purba Medinipur,31643,4651,26690,302,0,692,158,532,2,,
725,WB,West Bengal,WB_Purulia,Purulia,15365,3112,12188,65,0,295,32,263,0,,
726,WB,West Bengal,WB_South 24 Parganas,South 24 Parganas,59190,8039,50310,841,0,970,10,955,5,,
727,WB,West Bengal,WB_Uttar Dinajpur,Uttar Dinajpur,11801,1895,9797,109,0,321,34,284,3,,
728,AN,Andaman and Nicobar Islands,AN_Unknown,Unknown,6258,189,5997,72,0,0,0,0,0,,
729,AP,Andhra Pradesh,AP_Unknown,Unknown,0,0,0,0,0,0,0,0,0,,
730,AR,Arunachal Pradesh,AR_Unknown,Unknown,0,1,-1,0,0,0,0,0,0,,
731,AS,Assam,AS_Unknown,Unknown,111730,-90395,200319,459,1347,0,0,0,0,,
732,BR,Bihar,BR_Unknown,Unknown,0,0,0,0,0,0,0,0,0,,
733,CH,Chandigarh,CH_Unknown,Unknown,0,0,0,0,0,0,0,0,0,,
734,CT,Chhattisgarh,CT_Unknown,Unknown,0,0,0,0,0,0,0,0,0,,
735,DN,Dadra and Nagar Haveli and Daman and Diu,DN_Unknown,Unknown,0,0,0,0,0,0,0,0,0,,
737,DL,Delhi,DL_Unknown,Unknown,1292079,90248,1183093,18738,0,0,0,0,0,,
738,GA,Goa,GA_Unknown,Unknown,106083,28090,76628,1365,0,0,0,0,0,,
739,GJ,Gujarat,GJ_Unknown,Unknown,0,0,0,0,0,0,0,0,0,,
740,HR,Haryana,HR_Unknown,Unknown,0,0,0,0,0,0,0,0,0,,
741,HP,Himachal Pradesh,HP_Unknown,Unknown,0,0,0,0,0,0,0,0,0,,
742,JK,Jammu and Kashmir,JK_Unknown,Unknown,0,0,0,0,0,0,0,0,0,,
743,JH,Jharkhand,JH_Unknown,Unknown,0,1,-1,0,0,0,0,0,0,,
744,KA,Karnataka,KA_Unknown,Unknown,0,0,0,0,0,0,0,0,0,,
745,KL,Kerala,KL_Unknown,Unknown,0,0,0,0,0,0,0,0,0,,
746,LA,Ladakh,LA_Unknown,Unknown,0,0,0,0,0,0,0,0,0,,
747,LD,Lakshadweep,LD_Unknown,Unknown,0,0,0,0,0,0,0,0,0,,
748,MP,Madhya Pradesh,MP_Unknown,Unknown,0,0,0,0,0,0,0,0,0,,
749,MH,Maharashtra,MH_Unknown,Unknown,0,0,0,0,0,0,0,0,0,,
750,MN,Manipur,MN_Unknown,Unknown,1796,-26699,28413,82,0,0,0,0,0,,
751,ML,Meghalaya,ML_Unknown,Unknown,0,0,0,0,0,0,0,0,0,,
752,MZ,Mizoram,MZ_Unknown,Unknown,0,0,0,0,0,0,0,0,0,,
753,NL,Nagaland,NL_Unknown,Unknown,0,0,0,0,0,0,0,0,0,,
754,OR,Odisha,OR_Unknown,Unknown,0,0,0,0,0,0,0,0,0,,
755,PY,Puducherry,PY_Unknown,Unknown,0,0,0,0,0,0,0,0,0,,
756,PB,Punjab,PB_Unknown,Unknown,0,0,0,0,0,0,0,0,0,,
757,RJ,Rajasthan,RJ_Unknown,Unknown,0,0,0,0,0,0,0,0,0,,
758,SK,Sikkim,SK_Unknown,Unknown,0,-1804,1584,15,205,0,0,0,0,,
759,TN,Tamil Nadu,TN_Unknown,Unknown,0,0,0,0,0,0,0,0,0,,
760,TG,Telangana,TG_Unknown,Unknown,1048,-406160,404613,2595,0,0,0,0,0,,
761,TR,Tripura,TR_Unknown,Unknown,0,0,0,0,0,0,0,0,0,,
762,UP,Uttar Pradesh,UP_Unknown,Unknown,0,0,0,0,0,0,0,0,0,,
763,UT,Uttarakhand,UT_Unknown,Unknown,0,0,0,0,0,0,0,0,0,,
764,WB,West Bengal,WB_Unknown,Unknown,0,0,0,0,0,0,0,0,0,,